<concepts>
  <concept id="100156" nome="56 AGRICULTURE, FORESTRY AND FISHERIES">
    <concept id="100249" nome="5626 means of agricultural production">
      <concept id="2014" nome="means of agricultural production">
        <concept id="846" nome="agricultural equipment">
          <concept id="1719" nome="agricultural machinery">
            <concept id="4476" nome="tractor"/>
            <concept id="1722" nome="harvester"/>
          </concept>
          <concept id="4484" nome="milking machine"/>
          <concept id="2204" nome="agricultural implement"/>
        </concept>
        <concept id="764" nome="fertiliser">
          <concept id="765" nome="chemical fertiliser"/>
          <concept id="767" nome="organic fertiliser"/>
        </concept>
        <concept id="2985" nome="plant health product">
          <concept id="2357" nome="pesticide"/>
          <concept id="5227" nome="insecticide"/>
          <concept id="2987" nome="herbicide"/>
        </concept>
        <concept id="2409" nome="seedling"/>
        <concept id="4081" nome="seed"/>
        <concept id="152" nome="agricultural building">
          <concept id="6319" nome="silo"/>
        </concept>
      </concept>
      <concept id="5962" nome="livestock">
        <concept id="6918" nome="cervidae">
          <concept id="6928" nome="reindeer"/>
        </concept>
        <concept id="5034" nome="cattle">
          <concept id="4388" nome="bull"/>
          <concept id="4637" nome="cow">
            <concept id="4639" nome="dairy cow"/>
            <concept id="4638" nome="suckler cow"/>
          </concept>
          <concept id="4650" nome="calf"/>
          <concept id="1146" nome="heifer"/>
          <concept id="5012" nome="beef animal"/>
        </concept>
        <concept id="2211" nome="sheep"/>
        <concept id="842" nome="equidae"/>
        <concept id="5252" nome="goat"/>
        <concept id="4612" nome="livestock unit"/>
        <concept id="2560" nome="swine"/>
      </concept>
    </concept>
    <concept id="100250" nome="5631 agricultural activity">
      <concept id="2734" nome="agricultural product">
        <concept id="4225" nome="agricultural by-product"/>
      </concept>
      <concept id="2723" nome="crop production">
        <concept id="2025" nome="mushroom-growing"/>
        <concept id="320" nome="fodder-growing"/>
        <concept id="1260" nome="horticulture"/>
        <concept id="2131" nome="olive-growing"/>
        <concept id="4734" nome="viticulture"/>
        <concept id="3409" nome="plant propagation"/>
        <concept id="2396" nome="arboriculture"/>
        <concept id="1031" nome="floriculture"/>
        <concept id="2625" nome="early fruit and vegetables"/>
        <concept id="322" nome="fruit-growing"/>
        <concept id="6320" nome="energy crop"/>
        <concept id="329" nome="tropical agriculture"/>
        <concept id="5792" nome="living plant"/>
        <concept id="323" nome="agro-industrial cropping"/>
        <concept id="6321" nome="oil crop"/>
        <concept id="324" nome="market gardening"/>
        <concept id="7133" nome="plant variety right"/>
        <concept id="330" nome="self-sufficiency farming"/>
        <concept id="1763" nome="plant disease"/>
        <concept id="318" nome="cereal-growing"/>
      </concept>
      <concept id="1277" nome="animal nutrition">
        <concept id="1224" nome="animal feedingstuffs">
          <concept id="1233" nome="manufactured feedingstuffs"/>
          <concept id="4854" nome="fodder"/>
          <concept id="2990" nome="cereal substitute"/>
        </concept>
        <concept id="4163" nome="pet food"/>
      </concept>
      <concept id="711" nome="livestock farming">
        <concept id="6322" nome="zootechnics"/>
        <concept id="768" nome="fattening"/>
        <concept id="721" nome="pasture fattening"/>
        <concept id="2115" nome="apiculture"/>
        <concept id="4427" nome="poultry farming"/>
        <concept id="3408" nome="animal breeding">
          <concept id="3308" nome="artificial insemination"/>
        </concept>
        <concept id="4095" nome="sericulture"/>
        <concept id="4251" nome="indoor livestock farming"/>
        <concept id="715" nome="intensive livestock farming"/>
        <concept id="713" nome="free-range farming"/>
      </concept>
      <concept id="2711" nome="animal production">
        <concept id="4743" nome="poultry">
          <concept id="4745" nome="slaughtered poultry"/>
          <concept id="4746" nome="laying poultry"/>
          <concept id="4747" nome="live poultry"/>
        </concept>
        <concept id="1167" nome="game animal"/>
        <concept id="2989" nome="dairy production"/>
        <concept id="1585" nome="rabbit"/>
        <concept id="1898" nome="farm animal">
          <concept id="1888" nome="slaughter animal"/>
          <concept id="1908" nome="draught animal"/>
        </concept>
        <concept id="1929" nome="breeding animal"/>
        <concept id="1937" nome="live animal"/>
        <concept id="1919" nome="domestic animal"/>
      </concept>
      <concept id="5877" nome="animal health">
        <concept id="1755" nome="animal disease">
          <concept id="4576" nome="animal tuberculosis"/>
          <concept id="8464" nome="avian influenza"/>
          <concept id="2356" nome="animal plague"/>
          <concept id="6112" nome="BSE bovine spongiform encephalopathy"/>
          <concept id="6124" nome="fish disease"/>
          <concept id="994" nome="foot-and-mouth disease"/>
          <concept id="2988" nome="rabies"/>
          <concept id="1612" nome="animal leucosis"/>
          <concept id="5047" nome="brucellosis"/>
        </concept>
        <concept id="5462" nome="animal welfare"/>
        <concept id="1856" nome="veterinary medicine"/>
      </concept>
    </concept>
    <concept id="100247" nome="5616 farming systems">
      <concept id="3605" nome="agricultural performance">
        <concept id="3679" nome="farmers&apos; income"/>
        <concept id="3682" nome="farm income"/>
        <concept id="3424" nome="farm accountancy data network">
          <concept id="2984" nome="farm return"/>
        </concept>
        <concept id="2725" nome="agricultural productivity">
          <concept id="2709" nome="agricultural production"/>
          <concept id="6315" nome="crop losses"/>
          <concept id="2727" nome="land productivity"/>
          <concept id="3275" nome="crop yield"/>
        </concept>
        <concept id="4257" nome="agricultural statistics">
          <concept id="6316" nome="agricultural census"/>
        </concept>
      </concept>
      <concept id="937" nome="agricultural holding">
        <concept id="4337" nome="area of holding">
          <concept id="2017" nome="medium-sized holding"/>
          <concept id="2237" nome="plot"/>
          <concept id="2360" nome="smallholding"/>
          <concept id="1179" nome="large holding"/>
          <concept id="4339" nome="main acreage"/>
          <concept id="4327" nome="utilised agricultural area"/>
        </concept>
        <concept id="944" nome="dairy farm"/>
        <concept id="938" nome="State farm"/>
        <concept id="983" nome="collective farm"/>
      </concept>
      <concept id="2551" nome="working population engaged in agriculture">
        <concept id="936" nome="farmer"/>
        <concept id="2981" nome="young farmer"/>
        <concept id="5906" nome="head of agricultural holding"/>
        <concept id="2980" nome="woman farmer"/>
        <concept id="1738" nome="agricultural labour force"/>
      </concept>
      <concept id="4358" nome="farming system">
        <concept id="559" nome="part-time farming"/>
        <concept id="2983" nome="grouping of farms">
          <concept id="808" nome="mutual assistance among farmers"/>
          <concept id="595" nome="group farming"/>
          <concept id="228" nome="agricultural cooperative"/>
        </concept>
        <concept id="942" nome="family farming"/>
        <concept id="6314" nome="agroforestry"/>
        <concept id="615" nome="subsistence farming"/>
        <concept id="939" nome="mixed farm"/>
        <concept id="1525" nome="kitchen garden"/>
        <concept id="577" nome="commercial farming"/>
      </concept>
      <concept id="2814" nome="agricultural real estate">
        <concept id="3009" nome="landholding system">
          <concept id="4446" nome="state-owned land"/>
          <concept id="4876" nome="common land"/>
        </concept>
        <concept id="2655" nome="price of farm land"/>
        <concept id="5226" nome="land restructuring"/>
        <concept id="4811" nome="land bank"/>
        <concept id="2978" nome="land reform"/>
        <concept id="1947" nome="land mobility"/>
      </concept>
      <concept id="962" nome="type of tenure">
        <concept id="982" nome="tenant farming">
          <concept id="4613" nome="farm lease"/>
          <concept id="2667" nome="farm rent"/>
        </concept>
        <concept id="963" nome="owner farming"/>
        <concept id="964" nome="mixed tenure"/>
        <concept id="586" nome="contract farming"/>
        <concept id="1890" nome="share farming"/>
      </concept>
    </concept>
    <concept id="100246" nome="5611 agricultural structures and production">
      <concept id="2477" nome="agricultural production policy">
        <concept id="1201" nome="producer group"/>
        <concept id="2068" nome="agricultural product nomenclature"/>
        <concept id="2938" nome="redirection of production">
          <concept id="2934" nome="conversion to horticulture"/>
          <concept id="2621" nome="grubbing premium"/>
          <concept id="2620" nome="slaughter premium"/>
          <concept id="2937" nome="conversion to beef production"/>
          <concept id="2935" nome="herd conversion"/>
        </concept>
        <concept id="2976" nome="alternative agricultural production">
          <concept id="5950" nome="alternative use of agricultural products"/>
        </concept>
        <concept id="3576" nome="production refund"/>
        <concept id="1144" nome="set-aside"/>
        <concept id="5096" nome="marketing year"/>
        <concept id="1686" nome="location of production"/>
      </concept>
      <concept id="2972" nome="regulation of agricultural production">
        <concept id="926" nome="agricultural surplus"/>
        <concept id="2194" nome="agricultural guidance"/>
        <concept id="4404" nome="producer co-responsibility"/>
        <concept id="2893" nome="agriculture-industry relationship"/>
        <concept id="2975" nome="guarantee threshold"/>
        <concept id="2624" nome="storage premium"/>
        <concept id="2622" nome="non-marketing premium"/>
        <concept id="2974" nome="agricultural quota"/>
        <concept id="2977" nome="tax on oils and fats"/>
        <concept id="2892" nome="agriculture-trade relationship"/>
      </concept>
      <concept id="2493" nome="policy on agricultural structures">
        <concept id="5373" nome="cessation of farming"/>
        <concept id="1342" nome="installation allowance"/>
        <concept id="3265" nome="reparcelling"/>
        <concept id="4771" nome="agricultural advisory services">
          <concept id="131" nome="agricultural adviser"/>
        </concept>
        <concept id="4312" nome="transfer of farms"/>
        <concept id="4298" nome="agricultural structure"/>
        <concept id="222" nome="allocation of land"/>
        <concept id="1958" nome="farm modernisation"/>
      </concept>
    </concept>
    <concept id="100252" nome="5641 fisheries">
      <concept id="2320" nome="aquaculture">
        <concept id="2384" nome="fish farming"/>
        <concept id="3000" nome="fishery produce"/>
        <concept id="714" nome="crustacean farming"/>
        <concept id="2999" nome="shellfish farming"/>
      </concept>
      <concept id="1372" nome="fishing industry">
        <concept id="2718" nome="fishery product">
          <concept id="2438" nome="fresh fish"/>
        </concept>
        <concept id="2311" nome="fisherman"/>
        <concept id="2310" nome="traditional fishing"/>
        <concept id="2307" nome="industrial fishing"/>
        <concept id="4260" nome="fishing statistics"/>
      </concept>
      <concept id="2476" nome="fisheries policy">
        <concept id="4790" nome="fishing area">
          <concept id="4788" nome="catch area"/>
        </concept>
        <concept id="5228" nome="fishing regulations">
          <concept id="2323" nome="fishing season"/>
          <concept id="2329" nome="fishing permit"/>
          <concept id="3001" nome="fishing licence"/>
          <concept id="997" nome="fishing net"/>
          <concept id="5229" nome="fishing controls"/>
          <concept id="544" nome="fishing rights"/>
        </concept>
        <concept id="1159" nome="fishery management">
          <concept id="133" nome="conservation of fish stocks"/>
        </concept>
        <concept id="5255" nome="catch of fish">
          <concept id="2309" nome="discarded fish"/>
          <concept id="5253" nome="by-catch"/>
          <concept id="5254" nome="authorised catch"/>
          <concept id="5256" nome="catch by species"/>
          <concept id="5257" nome="total catch"/>
          <concept id="2872" nome="quantity of fish landed"/>
        </concept>
        <concept id="2455" nome="common fisheries policy">
          <concept id="915" nome="Community fisheries"/>
        </concept>
        <concept id="2556" nome="fishing agreement"/>
        <concept id="2879" nome="catch quota"/>
        <concept id="2921" nome="fishery research"/>
      </concept>
      <concept id="5913" nome="fisheries structure">
        <concept id="1035" nome="fishing fleet">
          <concept id="4829" nome="fishing vessel"/>
        </concept>
        <concept id="2561" nome="fishing port"/>
      </concept>
      <concept id="3544" nome="fishery resources">
        <concept id="2411" nome="aquatic plant">
          <concept id="1204" nome="algae"/>
        </concept>
        <concept id="2435" nome="fish">
          <concept id="2437" nome="sea fish"/>
          <concept id="2436" nome="freshwater fish"/>
        </concept>
        <concept id="2395" nome="plankton"/>
        <concept id="313" nome="crustacean"/>
        <concept id="1961" nome="mollusc"/>
      </concept>
      <concept id="1652" nome="fishing grounds">
        <concept id="2308" nome="sea fishing">
          <concept id="2304" nome="inshore fishing"/>
          <concept id="2306" nome="deep-sea fishing"/>
        </concept>
        <concept id="2305" nome="freshwater fishing"/>
      </concept>
    </concept>
    <concept id="100248" nome="5621 cultivation of agricultural land">
      <concept id="4412" nome="cultivation techniques">
        <concept id="2410" nome="plantation">
          <concept id="3345" nome="replanting"/>
        </concept>
        <concept id="4490" nome="plant health treatment"/>
        <concept id="832" nome="crop maintenance"/>
        <concept id="1521" nome="fallow"/>
        <concept id="2596" nome="soil preparation"/>
        <concept id="1483" nome="soil improvement">
          <concept id="1534" nome="water management in agriculture">
            <concept id="2680" nome="irrigation"/>
          </concept>
          <concept id="1577" nome="soil conditioning"/>
        </concept>
        <concept id="2842" nome="soil protection"/>
        <concept id="2925" nome="harvest"/>
        <concept id="370" nome="clearing of land"/>
      </concept>
      <concept id="4630" nome="land use">
        <concept id="4445" nome="agricultural land"/>
        <concept id="4444" nome="abandoned land"/>
        <concept id="4450" nome="reclaimed land"/>
        <concept id="4447" nome="uncultivated land"/>
        <concept id="4448" nome="arable land"/>
        <concept id="4708" nome="vineyard"/>
        <concept id="4674" nome="orchard"/>
        <concept id="4338" nome="grassland"/>
        <concept id="325" nome="permanent crop"/>
      </concept>
      <concept id="4363" nome="cultivation system">
        <concept id="328" nome="glasshouse cultivation"/>
        <concept id="2419" nome="cultivation under plastic"/>
        <concept id="2544" nome="mixed cropping"/>
        <concept id="2536" nome="dry farming"/>
        <concept id="6317" nome="irrigated agriculture"/>
        <concept id="4142" nome="single-crop farming"/>
        <concept id="636" nome="intensive farming"/>
        <concept id="568" nome="organic farming"/>
        <concept id="6318" nome="crop rotation"/>
        <concept id="624" nome="extensive farming"/>
        <concept id="319" nome="terrace cropping"/>
        <concept id="327" nome="hydroponics"/>
      </concept>
    </concept>
    <concept id="100245" nome="5606 agricultural policy">
      <concept id="2443" nome="common agricultural policy">
        <concept id="8459" nome="single payment scheme"/>
        <concept id="2173" nome="common organisation of markets">
          <concept id="870" nome="supplementary aid for products"/>
          <concept id="755" nome="aid per hectare"/>
          <concept id="6048" nome="EU agriculture committee"/>
        </concept>
        <concept id="2511" nome="agri-monetary policy">
          <concept id="4395" nome="representative rate"/>
          <concept id="4236" nome="farm price support"/>
          <concept id="1988" nome="monetary compensatory amount"/>
        </concept>
        <concept id="2971" nome="farm development plan">
          <concept id="6310" nome="agri-environmental plan"/>
          <concept id="6312" nome="farming project"/>
        </concept>
        <concept id="2969" nome="reform of the CAP">
          <concept id="6309" nome="European agricultural model"/>
        </concept>
      </concept>
      <concept id="2442" nome="agricultural policy">
        <concept id="6311" nome="land policies"/>
        <concept id="2445" nome="regional farm policy">
          <concept id="6313" nome="agricultural area with environmental restrictions"/>
          <concept id="645" nome="Mediterranean agriculture"/>
          <concept id="604" nome="hill farming"/>
          <concept id="2979" nome="less-favoured agricultural area"/>
        </concept>
        <concept id="4117" nome="agricultural situation"/>
        <concept id="2444" nome="national agricultural policy"/>
        <concept id="6308" nome="sustainable agriculture"/>
        <concept id="2915" nome="agronomic research">
          <concept id="4255" nome="experimental farm"/>
          <concept id="984" nome="model farm"/>
          <concept id="1475" nome="plant breeding"/>
        </concept>
        <concept id="638" nome="agricultural economics"/>
        <concept id="7204" nome="agricultural sector representative body"/>
        <concept id="1595" nome="plant health legislation">
          <concept id="191" nome="plant health control"/>
        </concept>
        <concept id="1598" nome="veterinary legislation">
          <concept id="1445" nome="veterinary inspection"/>
        </concept>
        <concept id="6100" nome="quality control of agricultural products"/>
        <concept id="1788" nome="agricultural market">
          <concept id="1789" nome="EU agricultural market"/>
        </concept>
        <concept id="579" nome="agrarian law"/>
        <concept id="2970" nome="agrarian reform"/>
        <concept id="2965" nome="aid to agriculture"/>
        <concept id="1849" nome="mechanisation of agriculture"/>
      </concept>
    </concept>
    <concept id="100251" nome="5636 forestry">
      <concept id="1063" nome="forest">
        <concept id="1064" nome="classified forest"/>
        <concept id="1065" nome="high forest"/>
        <concept id="1066" nome="coppiced woodland"/>
        <concept id="1067" nome="natural forest"/>
        <concept id="1068" nome="forest plantation"/>
        <concept id="2404" nome="tree">
          <concept id="2415" nome="conifer"/>
          <concept id="2426" nome="deciduous tree"/>
        </concept>
        <concept id="6323" nome="boreal forest"/>
        <concept id="5316" nome="tropical forest"/>
        <concept id="8437" nome="mountain forest"/>
        <concept id="6329" nome="temperate forest"/>
        <concept id="6328" nome="Mediterranean forest"/>
      </concept>
      <concept id="2505" nome="forestry policy">
        <concept id="4352" nome="silviculture">
          <concept id="6324" nome="sustainable forest management">
            <concept id="6325" nome="forest certification"/>
          </concept>
        </concept>
        <concept id="4336" nome="wooded area"/>
        <concept id="1513" nome="forestry development">
          <concept id="5016" nome="afforestation"/>
        </concept>
        <concept id="5219" nome="forest conservation">
          <concept id="6721" nome="forest ranger"/>
        </concept>
        <concept id="563" nome="forestry legislation"/>
        <concept id="2995" nome="forestry property">
          <concept id="2997" nome="private forest"/>
          <concept id="2996" nome="publicly owned forest"/>
        </concept>
        <concept id="2920" nome="forestry research"/>
        <concept id="6326" nome="European forestry policy">
          <concept id="6327" nome="EFICS"/>
        </concept>
      </concept>
      <concept id="651" nome="forestry economics">
        <concept id="2994" nome="wood production"/>
        <concept id="943" nome="forestry holding"/>
        <concept id="6331" nome="forestry statistics"/>
        <concept id="2992" nome="forestry group"/>
      </concept>
    </concept>
  </concept>
  <concept id="100150" nome="32 EDUCATION AND COMMUNICATIONS">
    <concept id="100219" nome="3216 organisation of teaching">
      <concept id="4554" nome="schoolwork">
        <concept id="3606" nome="school results"/>
        <concept id="3615" nome="backwardness at school"/>
        <concept id="3177" nome="re-integration into school"/>
        <concept id="925" nome="examination">
          <concept id="88" nome="admission to examinations"/>
        </concept>
        <concept id="5102" nome="learning"/>
        <concept id="6037" nome="adjustment to school"/>
        <concept id="446" nome="diploma"/>
        <concept id="184" nome="assessment"/>
      </concept>
      <concept id="4705" nome="school life">
        <concept id="4534" nome="school transport"/>
        <concept id="1380" nome="education grant"/>
        <concept id="1098" nome="school attendance"/>
        <concept id="1081" nome="school fees"/>
        <concept id="7341" nome="school canteen"/>
        <concept id="3216" nome="school-industry relations"/>
        <concept id="3280" nome="school-working life relations"/>
        <concept id="1927" nome="school environment">
          <concept id="777" nome="teacher"/>
          <concept id="897" nome="student">
            <concept id="898" nome="foreign student"/>
          </concept>
          <concept id="716" nome="pupil"/>
        </concept>
        <concept id="1444" nome="school inspection"/>
        <concept id="7388" nome="student residence"/>
        <concept id="48" nome="educational administration"/>
        <concept id="1950" nome="student mobility"/>
      </concept>
      <concept id="2175" nome="organisation of teaching">
        <concept id="2196" nome="educational guidance"/>
        <concept id="2195" nome="vocational guidance"/>
        <concept id="5266" nome="distribution of schools"/>
        <concept id="4357" nome="educational system"/>
        <concept id="2794" nome="teaching curriculum"/>
        <concept id="684" nome="number of pupils"/>
        <concept id="2973" nome="educational reform"/>
        <concept id="5094" nome="planning of the school year"/>
        <concept id="373" nome="school age"/>
      </concept>
      <concept id="3278" nome="teaching materials">
        <concept id="3279" nome="teaching software"/>
        <concept id="1784" nome="school textbook"/>
      </concept>
    </concept>
    <concept id="100218" nome="3211 teaching">
      <concept id="2059" nome="level of education">
        <concept id="800" nome="higher education">
          <concept id="4151" nome="university">
            <concept id="5174" nome="open university"/>
          </concept>
        </concept>
        <concept id="799" nome="secondary education"/>
        <concept id="793" nome="primary education"/>
        <concept id="792" nome="postgraduate education"/>
        <concept id="679" nome="pre-school education">
          <concept id="630" nome="nursery school"/>
        </concept>
      </concept>
      <concept id="795" nome="vocational education">
        <concept id="780" nome="agricultural education"/>
        <concept id="1070" nome="management training"/>
        <concept id="1071" nome="teacher training"/>
        <concept id="801" nome="technical education"/>
        <concept id="788" nome="medical training"/>
        <concept id="3277" nome="commercial education"/>
        <concept id="790" nome="paramedical training"/>
      </concept>
      <concept id="873" nome="educational institution">
        <concept id="5687" nome="boarding school"/>
        <concept id="631" nome="national school"/>
        <concept id="629" nome="international school"/>
        <concept id="628" nome="European school"/>
        <concept id="627" nome="school abroad"/>
      </concept>
      <concept id="784" nome="general education">
        <concept id="682" nome="special education"/>
        <concept id="783" nome="language teaching">
          <concept id="1581" nome="foreign language"/>
          <concept id="1582" nome="mother tongue"/>
        </concept>
        <concept id="680" nome="health education"/>
        <concept id="5603" nome="education of young offenders"/>
        <concept id="678" nome="physical education"/>
        <concept id="670" nome="art education"/>
        <concept id="3276" nome="civics"/>
        <concept id="798" nome="scientific education"/>
        <concept id="791" nome="multidisciplinary education"/>
        <concept id="681" nome="sex education"/>
        <concept id="672" nome="basic education"/>
      </concept>
      <concept id="778" nome="teaching">
        <concept id="787" nome="secular education"/>
        <concept id="796" nome="public education"/>
        <concept id="794" nome="private education"/>
        <concept id="789" nome="compulsory education"/>
        <concept id="785" nome="free education"/>
        <concept id="782" nome="denominational education"/>
      </concept>
    </concept>
    <concept id="100220" nome="3221 documentation">
      <concept id="486" nome="document">
        <concept id="6767" nome="electronic document"/>
        <concept id="4456" nome="thesis"/>
        <concept id="2859" nome="publication">
          <concept id="2860" nome="EU publication"/>
        </concept>
        <concept id="1978" nome="monograph"/>
        <concept id="487" nome="audiovisual document"/>
        <concept id="1076" nome="form"/>
        <concept id="7379" nome="plan"/>
        <concept id="5340" nome="papal act"/>
        <concept id="5628" nome="case study"/>
        <concept id="5627" nome="comparative study"/>
        <concept id="5665" nome="historical account"/>
        <concept id="4144" nome="newspaper"/>
        <concept id="31" nome="press release"/>
        <concept id="452" nome="speech">
          <concept id="5568" nome="public statement"/>
        </concept>
        <concept id="492" nome="official document">
          <concept id="8414" nome="official seal"/>
          <concept id="3032" nome="EU Official Journal"/>
          <concept id="1533" nome="Official Journal"/>
          <concept id="493" nome="parliamentary document"/>
        </concept>
        <concept id="3930" nome="atlas"/>
        <concept id="4137" nome="encyclopaedia"/>
        <concept id="4168" nome="documentary tool">
          <concept id="4138" nome="thesaurus"/>
          <concept id="3342" nome="directory"/>
          <concept id="4864" nome="bibliography"/>
          <concept id="5274" nome="catalogue"/>
        </concept>
        <concept id="4139" nome="periodical publication"/>
        <concept id="438" nome="dictionary">
          <concept id="4134" nome="multilingual dictionary"/>
          <concept id="4135" nome="dictionary of abbreviations"/>
        </concept>
        <concept id="5311" nome="guide">
          <concept id="6768" nome="tourist guide"/>
        </concept>
        <concept id="4905" nome="biography"/>
        <concept id="2891" nome="report">
          <concept id="7130" nome="scientific report"/>
          <concept id="2894" nome="annual report"/>
          <concept id="2896" nome="research report"/>
        </concept>
        <concept id="5277" nome="conference proceedings"/>
        <concept id="7363" nome="graphic illustration"/>
        <concept id="7364" nome="incunabula"/>
        <concept id="7368" nome="manifesto"/>
        <concept id="7369" nome="manuscript"/>
        <concept id="1681" nome="grey literature"/>
        <concept id="242" nome="correspondence"/>
        <concept id="1962" nome="yearbook"/>
        <concept id="1902" nome="microform"/>
        <concept id="6766" nome="commentary on a law"/>
        <concept id="6765" nome="quote"/>
      </concept>
      <concept id="494" nome="documentation">
        <concept id="1752" nome="information analysis">
          <concept id="1350" nome="document indexing"/>
          <concept id="5272" nome="cataloguing"/>
          <concept id="6004" nome="classification"/>
          <concept id="78" nome="summarising"/>
        </concept>
        <concept id="1079" nome="provision of documents"/>
        <concept id="8470" nome="digital archiving"/>
        <concept id="4295" nome="document storage"/>
        <concept id="5109" nome="document acquisition">
          <concept id="617" nome="exchange of publications"/>
        </concept>
        <concept id="774" nome="documentary reference recording"/>
        <concept id="6188" nome="document management">
          <concept id="6189" nome="electronic document management">
            <concept id="6191" nome="digitisation"/>
            <concept id="6190" nome="optical character recognition"/>
          </concept>
        </concept>
        <concept id="441" nome="dissemination of information">
          <concept id="444" nome="selective dissemination of information"/>
        </concept>
        <concept id="2918" nome="document retrieval"/>
      </concept>
      <concept id="4366" nome="information service">
        <concept id="4626" nome="information user"/>
        <concept id="2492" nome="archives"/>
        <concept id="451" nome="record library"/>
        <concept id="6769" nome="media library"/>
        <concept id="7398" nome="video library"/>
        <concept id="5356" nome="documentation centre"/>
        <concept id="4865" nome="library">
          <concept id="4868" nome="public library"/>
          <concept id="4867" nome="national library"/>
          <concept id="4869" nome="scientific library"/>
          <concept id="4866" nome="children&apos;s library"/>
          <concept id="4870" nome="university library"/>
          <concept id="6067" nome="virtual library"/>
          <concept id="6764" nome="parliamentary library"/>
        </concept>
        <concept id="5066" nome="information centre"/>
        <concept id="1705" nome="toy library"/>
      </concept>
    </concept>
  </concept>
  <concept id="100149" nome="28 SOCIAL QUESTIONS">
    <concept id="100212" nome="2826 social affairs">
      <concept id="2517" nome="social policy">
        <concept id="81" nome="position of women"/>
        <concept id="4564" nome="social worker"/>
        <concept id="4086" nome="subsistence level income"/>
        <concept id="1231" nome="disabled person">
          <concept id="6550" nome="integration of the disabled"/>
          <concept id="5636" nome="facilities for the disabled"/>
          <concept id="3351" nome="mentally disabled"/>
          <concept id="3349" nome="physically disabled"/>
          <concept id="6548" nome="independence of the disabled"/>
        </concept>
        <concept id="1133" nome="child care"/>
        <concept id="3346" nome="European social policy">
          <concept id="5484" nome="Community Charter of the Fundamental Social Rights of Workers"/>
          <concept id="5395" nome="European Social Charter"/>
          <concept id="6113" nome="European social area"/>
          <concept id="6253" nome="Social Policy Agreement (EU)"/>
          <concept id="5060" nome="European social budget"/>
        </concept>
        <concept id="6552" nome="social pact"/>
        <concept id="3919" nome="child protection"/>
        <concept id="3179" nome="social rehabilitation"/>
        <concept id="3344" nome="social budget"/>
        <concept id="580" nome="social legislation">
          <concept id="6105" nome="social dumping"/>
        </concept>
        <concept id="3347" nome="prevention of delinquency"/>
        <concept id="6215" nome="youth policy"/>
        <concept id="1469" nome="social integration"/>
        <concept id="1708" nome="fight against crime"/>
        <concept id="282" nome="social cost"/>
      </concept>
      <concept id="1700" nome="leisure">
        <concept id="4470" nome="tourism">
          <concept id="8461" nome="river tourism"/>
          <concept id="1373" nome="catering industry">
            <concept id="5167" nome="catering profession"/>
          </concept>
          <concept id="1404" nome="hotel industry">
            <concept id="3609" nome="hotel profession"/>
          </concept>
          <concept id="3608" nome="tourist profession"/>
          <concept id="4471" nome="mass tourism"/>
          <concept id="3705" nome="tourism policy">
            <concept id="5909" nome="tourism statistics"/>
          </concept>
          <concept id="4767" nome="travel">
            <concept id="5956" nome="traveller"/>
          </concept>
          <concept id="443600" nome="cultural tourism"/>
          <concept id="8472" nome="equitable tourism"/>
          <concept id="8471" nome="ecological tourism"/>
          <concept id="6554" nome="religious tourism"/>
          <concept id="3339" nome="tourist exchange"/>
          <concept id="3341" nome="rural tourism"/>
          <concept id="3340" nome="foreign tourism"/>
          <concept id="3343" nome="tourist infrastructure"/>
          <concept id="3118" nome="travel agency"/>
          <concept id="443629" nome="business tourism"/>
          <concept id="5099" nome="camping"/>
        </concept>
        <concept id="4245" nome="sport">
          <concept id="3613" nome="professional sport"/>
          <concept id="3338" nome="sport fishing"/>
          <concept id="5766" nome="sports body"/>
          <concept id="5723" nome="sporting event">
            <concept id="1530" nome="Olympic games"/>
          </concept>
          <concept id="5396" nome="hunting"/>
          <concept id="853" nome="sports facilities"/>
        </concept>
        <concept id="3334" nome="gaming">
          <concept id="3335" nome="gaming establishment"/>
          <concept id="3336" nome="automatic game"/>
          <concept id="1527" nome="game of chance"/>
        </concept>
        <concept id="4634" nome="holiday">
          <concept id="3702" nome="staggering of holidays"/>
        </concept>
        <concept id="5903" nome="animal show"/>
        <concept id="5166" nome="leisure park">
          <concept id="6121" nome="zoo"/>
        </concept>
      </concept>
      <concept id="2690" nome="social problem">
        <concept id="4728" nome="violence">
          <concept id="6555" nome="youth violence">
            <concept id="6556" nome="violence at school"/>
          </concept>
          <concept id="6557" nome="domestic violence"/>
        </concept>
        <concept id="4475" nome="drug addiction"/>
        <concept id="4374" nome="smoking"/>
        <concept id="3352" nome="homelessness"/>
        <concept id="5800" nome="pornography">
          <concept id="6553" nome="child pornography"/>
        </concept>
        <concept id="3348" nome="crime">
          <concept id="5560" nome="organised crime">
            <concept id="5168" nome="Mafia"/>
          </concept>
        </concept>
        <concept id="374" nome="delinquency">
          <concept id="6739" nome="hooliganism"/>
          <concept id="375" nome="juvenile delinquency"/>
          <concept id="6743" nome="vandalism"/>
        </concept>
        <concept id="1162" nome="alcoholism"/>
        <concept id="5634" nome="extremism"/>
        <concept id="4323" nome="suicide"/>
        <concept id="5325" nome="performance drugs"/>
        <concept id="442990" nome="prescription drug abuse"/>
        <concept id="6738" nome="street children"/>
        <concept id="5314" nome="accident in the home"/>
        <concept id="442958" nome="gambling addiction"/>
        <concept id="3353" nome="sexual mutilation"/>
        <concept id="1764" nome="disaffection of young people"/>
        <concept id="1691" nome="illiteracy"/>
        <concept id="1817" nome="marginalisation"/>
        <concept id="2823" nome="prostitution"/>
      </concept>
      <concept id="4706" nome="social life">
        <concept id="2270" nome="social participation">
          <concept id="2265" nome="participation of women"/>
          <concept id="3748" nome="social role"/>
        </concept>
        <concept id="4702" nome="collective activities">
          <concept id="3331" nome="voluntary organisation"/>
          <concept id="2174" nome="cultural organisation"/>
          <concept id="3330" nome="voluntary work"/>
          <concept id="2944" nome="association">
            <concept id="6547" nome="European association"/>
          </concept>
        </concept>
        <concept id="5291" nome="death"/>
        <concept id="7195" nome="personal development"/>
        <concept id="5169" nome="bio-ethics">
          <concept id="5512" nome="trade in organs"/>
        </concept>
        <concept id="5160" nome="cultural prize"/>
        <concept id="5382" nome="social change"/>
        <concept id="5323" nome="twinning"/>
        <concept id="3250" nome="human relations"/>
        <concept id="3329" nome="honour"/>
        <concept id="432" nome="social development"/>
        <concept id="5170" nome="secret society"/>
        <concept id="6046" nome="social adjustment"/>
        <concept id="101" nome="social conflict">
          <concept id="1710" nome="class struggle"/>
        </concept>
        <concept id="1990" nome="public morality"/>
        <concept id="6549" nome="social behaviour"/>
      </concept>
    </concept>
    <concept id="100213" nome="2831 culture and religion">
      <concept id="3257" nome="religion">
        <concept id="1244" nome="Hinduism"/>
        <concept id="5987" nome="Christianity">
          <concept id="5162" nome="Anglicanism"/>
          <concept id="5163" nome="Catholicism"/>
          <concept id="5164" nome="Orthodoxy"/>
          <concept id="5165" nome="Protestantism"/>
        </concept>
        <concept id="6560" nome="religious fundamentalism"/>
        <concept id="4101" nome="church">
          <concept id="7342" nome="ecclesiastical council"/>
        </concept>
        <concept id="3904" nome="atheism"/>
        <concept id="3296" nome="religious sect"/>
        <concept id="3297" nome="theology"/>
        <concept id="1508" nome="Islam"/>
        <concept id="1536" nome="Judaism"/>
        <concept id="1454" nome="religious institution"/>
        <concept id="6009" nome="clergy"/>
        <concept id="7387" nome="primitive religion"/>
        <concept id="7371" nome="mythology"/>
        <concept id="7397" nome="sacred text"/>
        <concept id="5030" nome="Buddhism"/>
        <concept id="6561" nome="new religion"/>
      </concept>
      <concept id="317" nome="culture">
        <concept id="5996" nome="civilisation"/>
        <concept id="5667" nome="cultural identity">
          <concept id="8442" nome="national identity"/>
          <concept id="6559" nome="European identity"/>
        </concept>
        <concept id="439" nome="cultural difference"/>
        <concept id="4097" nome="cultural pluralism"/>
        <concept id="326" nome="popular culture"/>
        <concept id="4873" nome="acculturation"/>
        <concept id="5171" nome="regional culture"/>
        <concept id="7374" nome="cultural movement"/>
      </concept>
      <concept id="2688" nome="arts">
        <concept id="2023" nome="music"/>
        <concept id="3601" nome="literary profession"/>
        <concept id="4837" nome="fine arts">
          <concept id="5882" nome="sculpture"/>
          <concept id="2471" nome="architecture"/>
          <concept id="4112" nome="painting"/>
        </concept>
        <concept id="4096" nome="visual arts">
          <concept id="5994" nome="cinema"/>
        </concept>
        <concept id="3598" nome="artistic profession"/>
        <concept id="2697" nome="popular art"/>
        <concept id="1680" nome="literature"/>
        <concept id="2810" nome="performing arts"/>
      </concept>
      <concept id="2459" nome="cultural policy">
        <concept id="2022" nome="museum"/>
        <concept id="2278" nome="cultural heritage">
          <concept id="2122" nome="work of art"/>
          <concept id="5896" nome="historic site"/>
          <concept id="5747" nome="monument"/>
          <concept id="4100" nome="architectural heritage"/>
          <concept id="4103" nome="flag"/>
          <concept id="4102" nome="anthem"/>
          <concept id="4098" nome="customs and traditions"/>
          <concept id="5513" nome="art trade"/>
          <concept id="4877" nome="cultural object"/>
        </concept>
        <concept id="1364" nome="culture industry"/>
        <concept id="6558" nome="cultural exception"/>
        <concept id="4105" nome="literary and artistic property"/>
        <concept id="4089" nome="patronage"/>
        <concept id="283" nome="artistic creation"/>
        <concept id="5322" nome="commemoration">
          <concept id="450925" nome="national day of mourning"/>
        </concept>
        <concept id="3200" nome="cultural relations">
          <concept id="5297" nome="youth exchange scheme"/>
        </concept>
        <concept id="1780" nome="cultural event">
          <concept id="6562" nome="European cultural event"/>
        </concept>
        <concept id="442" nome="dissemination of culture"/>
        <concept id="2840" nome="heritage protection"/>
        <concept id="6563" nome="cultural promotion"/>
      </concept>
    </concept>
  </concept>
  <concept id="100159" nome="66 ENERGY">
    <concept id="100263" nome="6606 energy policy">
      <concept id="2498" nome="energy policy">
        <concept id="4507" nome="energy transport"/>
        <concept id="642" nome="energy saving">
          <concept id="1241" nome="summertime"/>
          <concept id="2945" nome="energy recovery"/>
        </concept>
        <concept id="4886" nome="energy audit">
          <concept id="2127" nome="available energy"/>
          <concept id="2312" nome="energy supply"/>
          <concept id="4629" nome="energy use"/>
          <concept id="466" nome="available energy resources"/>
          <concept id="2654" nome="price of energy"/>
          <concept id="2715" nome="energy production"/>
          <concept id="378" nome="energy demand"/>
          <concept id="142" nome="energy consumption"/>
          <concept id="6700" nome="energy efficiency"/>
        </concept>
        <concept id="3785" nome="siting of power stations"/>
        <concept id="6044" nome="substitute fuel">
          <concept id="3739" nome="motor spirit">
            <concept id="3738" nome="gasohol"/>
            <concept id="890" nome="ethanol"/>
            <concept id="1893" nome="methanol"/>
          </concept>
          <concept id="8412" nome="biofuel"/>
        </concept>
        <concept id="4293" nome="energy storage">
          <concept id="6701" nome="strategic reserves"/>
        </concept>
        <concept id="3735" nome="decommissioning of power stations"/>
        <concept id="3736" nome="agro-energy"/>
        <concept id="5861" nome="energy grid"/>
        <concept id="4631" nome="peaceful use of energy"/>
        <concept id="6079" nome="European Energy Charter"/>
        <concept id="5201" nome="self-sufficiency in energy"/>
        <concept id="534" nome="energy law">
          <concept id="572" nome="nuclear law"/>
        </concept>
        <concept id="1685" nome="energy site"/>
        <concept id="475" nome="energy distribution"/>
        <concept id="2917" nome="energy research"/>
        <concept id="308" nome="energy crisis"/>
        <concept id="6697" nome="energy diversification"/>
      </concept>
      <concept id="3737" nome="energy industry">
        <concept id="4420" nome="energy technology">
          <concept id="2382" nome="fuel cell"/>
        </concept>
        <concept id="3741" nome="energy-generating product"/>
        <concept id="6043" nome="fuel">
          <concept id="6045" nome="fossil fuel">
            <concept id="4469" nome="peat"/>
          </concept>
          <concept id="1139" nome="gas">
            <concept id="6699" nome="gas field"/>
          </concept>
        </concept>
        <concept id="746" nome="hard energy"/>
        <concept id="203" nome="energy conversion"/>
      </concept>
    </concept>
    <concept id="100265" nome="6616 oil industry">
      <concept id="1274" nome="hydrocarbon">
        <concept id="1141" nome="natural gas">
          <concept id="6921" nome="gas industry"/>
        </concept>
        <concept id="3734" nome="storage of hydrocarbons"/>
        <concept id="2366" nome="petroleum">
          <concept id="3770" nome="crude oil"/>
          <concept id="3779" nome="offshore oil"/>
        </concept>
      </concept>
      <concept id="1414" nome="oil industry">
        <concept id="4423" nome="oil technology">
          <concept id="2886" nome="oil refining"/>
        </concept>
        <concept id="3733" nome="petroleum policy"/>
        <concept id="3765" nome="extraction of oil"/>
        <concept id="3764" nome="petroleum exploration"/>
        <concept id="3767" nome="petroleum production"/>
        <concept id="3766" nome="offshore structure"/>
        <concept id="1061" nome="offshore drilling"/>
        <concept id="6702" nome="oilfield"/>
      </concept>
      <concept id="2364" nome="petrochemicals">
        <concept id="2772" nome="petroleum product">
          <concept id="1267" nome="mineral oil"/>
          <concept id="1266" nome="heavy oil"/>
          <concept id="5262" nome="motor fuel">
            <concept id="3771" nome="petrol">
              <concept id="3777" nome="lead-free petrol"/>
            </concept>
            <concept id="3776" nome="aviation fuel"/>
            <concept id="3772" nome="diesel fuel"/>
          </concept>
          <concept id="3775" nome="propane gas"/>
          <concept id="3773" nome="fuel oil"/>
          <concept id="3769" nome="paraffin"/>
          <concept id="3768" nome="butane"/>
        </concept>
      </concept>
    </concept>
    <concept id="100266" nome="6621 electrical and nuclear industries">
      <concept id="5350" nome="nuclear power station">
        <concept id="2903" nome="nuclear reactor">
          <concept id="4341" nome="breeder reactor"/>
        </concept>
      </concept>
      <concept id="1412" nome="nuclear industry">
        <concept id="4042" nome="nuclear safety">
          <concept id="921" nome="nuclear accident"/>
          <concept id="2882" nome="radioactivity"/>
          <concept id="2884" nome="radiation protection"/>
        </concept>
        <concept id="4422" nome="nuclear technology">
          <concept id="3631" nome="fuel reprocessing"/>
          <concept id="3788" nome="reactor cooling system"/>
          <concept id="3789" nome="nuclear chemistry"/>
          <concept id="1023" nome="nuclear fission"/>
          <concept id="1123" nome="nuclear fusion"/>
          <concept id="868" nome="nuclear test"/>
          <concept id="776" nome="fuel enrichment"/>
        </concept>
        <concept id="3731" nome="nuclear policy">
          <concept id="6703" nome="nuclear research"/>
        </concept>
      </concept>
      <concept id="3783" nome="electrical industry">
        <concept id="3786" nome="hydroelectric development"/>
        <concept id="3782" nome="power plant"/>
        <concept id="747" nome="electrical energy"/>
        <concept id="751" nome="hydroelectric power"/>
      </concept>
      <concept id="753" nome="nuclear energy">
        <concept id="6047" nome="nuclear fuel">
          <concept id="3792" nome="irradiated fuel"/>
        </concept>
        <concept id="1840" nome="radioactive materials">
          <concept id="4617" nome="uranium"/>
          <concept id="2429" nome="plutonium"/>
        </concept>
      </concept>
    </concept>
    <concept id="100264" nome="6611 coal and mining industries">
      <concept id="1411" nome="mining industry">
        <concept id="4489" nome="ore processing"/>
        <concept id="3750" nome="mining production"/>
        <concept id="3753" nome="mining of ore">
          <concept id="1060" nome="drilling"/>
          <concept id="952" nome="mining extraction"/>
          <concept id="1831" nome="drilling equipment"/>
        </concept>
        <concept id="3749" nome="mining operation"/>
        <concept id="3747" nome="ore deposit"/>
        <concept id="2821" nome="mineral prospecting"/>
      </concept>
      <concept id="2767" nome="mining product">
        <concept id="3754" nome="metallic ore">
          <concept id="1934" nome="non-ferrous ore">
            <concept id="3755" nome="bauxite"/>
          </concept>
          <concept id="1933" nome="iron ore"/>
        </concept>
        <concept id="3757" nome="earths and stones"/>
        <concept id="3756" nome="bituminous materials"/>
        <concept id="1935" nome="non-metallic ore">
          <concept id="3758" nome="salt"/>
          <concept id="3761" nome="potash"/>
          <concept id="3760" nome="phosphate"/>
          <concept id="4218" nome="sulphur"/>
          <concept id="1643" nome="asbestos"/>
        </concept>
        <concept id="2381" nome="precious stones"/>
      </concept>
      <concept id="3743" nome="coal industry">
        <concept id="5386" nome="coal">
          <concept id="6027" nome="coke"/>
          <concept id="1656" nome="lignite"/>
        </concept>
        <concept id="3745" nome="coalmining policy"/>
        <concept id="3746" nome="coal processing"/>
        <concept id="5387" nome="coal mining"/>
        <concept id="5260" nome="coal by-products industry"/>
      </concept>
    </concept>
    <concept id="100267" nome="6626 soft energy">
      <concept id="744" nome="soft energy">
        <concept id="754" nome="renewable energy"/>
        <concept id="743" nome="wave energy"/>
        <concept id="752" nome="tidal energy"/>
        <concept id="756" nome="solar energy">
          <concept id="2256" nome="solar energy end-use applications"/>
          <concept id="2374" nome="photovoltaic cell"/>
          <concept id="2482" nome="solar architecture"/>
          <concept id="6031" nome="solar collector"/>
        </concept>
        <concept id="4900" nome="biogas"/>
        <concept id="757" nome="thermal energy"/>
        <concept id="4892" nome="bioenergy"/>
        <concept id="750" nome="hydraulic energy"/>
        <concept id="749" nome="geothermal energy"/>
        <concept id="748" nome="wind energy"/>
      </concept>
    </concept>
  </concept>
  <concept id="100155" nome="52 ENVIRONMENT">
    <concept id="100242" nome="5206 environmental policy">
      <concept id="2470" nome="environmental policy">
        <concept id="5682" nome="economic instrument for the environment">
          <concept id="5839" nome="environmental tax"/>
          <concept id="5782" nome="tradeable emission permit"/>
          <concept id="5533" nome="deposit on a polluting product"/>
        </concept>
        <concept id="1709" nome="fight against wastage"/>
        <concept id="1160" nome="management of resources">
          <concept id="941" nome="exploitation of resources">
            <concept id="940" nome="exploitation of the seas"/>
            <concept id="3137" nome="exploitation of the sea-bed"/>
            <concept id="840" nome="exhaustion of resources"/>
            <concept id="4335" nome="over-exploitation of resources"/>
          </concept>
          <concept id="3138" nome="replacement of resources"/>
          <concept id="919" nome="evaluation of resources"/>
        </concept>
        <concept id="1157" nome="area management"/>
        <concept id="535" nome="environmental law">
          <concept id="5754" nome="environmental standard">
            <concept id="2080" nome="biological standard"/>
          </concept>
          <concept id="6401" nome="environmental liability"/>
        </concept>
        <concept id="5794" nome="EU environmental policy"/>
        <concept id="4074" nome="risk prevention">
          <concept id="4076" nome="industrial hazard"/>
          <concept id="4075" nome="natural hazard"/>
        </concept>
        <concept id="3140" nome="environmental monitoring"/>
        <concept id="272" nome="cost of pollution"/>
        <concept id="8550" nome="environmental indicator"/>
        <concept id="6397" nome="environmental education"/>
        <concept id="3139" nome="environmental impact"/>
        <concept id="6396" nome="environmental economics"/>
        <concept id="2869" nome="quality of the environment"/>
        <concept id="2919" nome="environmental research">
          <concept id="6402" nome="environmental statistics"/>
        </concept>
      </concept>
      <concept id="3144" nome="water management">
        <concept id="4485" nome="water treatment"/>
        <concept id="4628" nome="use of water"/>
        <concept id="4853" nome="water requirements"/>
        <concept id="1741" nome="water analysis"/>
        <concept id="141" nome="water consumption"/>
      </concept>
      <concept id="1158" nome="waste management">
        <concept id="2947" nome="waste recycling"/>
        <concept id="3133" nome="storage of waste">
          <concept id="5912" nome="underground storage of waste"/>
        </concept>
        <concept id="718" nome="waste disposal">
          <concept id="5672" nome="waste incineration"/>
          <concept id="3132" nome="dumping of waste"/>
        </concept>
      </concept>
      <concept id="434743" nome="climate change policy">
        <concept id="6400" nome="reduction of gas emissions"/>
        <concept id="434909" nome="clean development mechanism"/>
        <concept id="434966" nome="emission allowance">
          <concept id="435007" nome="EU emission allowance"/>
        </concept>
        <concept id="434938" nome="joint implementation"/>
        <concept id="434843" nome="emission trading">
          <concept id="434880" nome="EU Emissions Trading Scheme"/>
        </concept>
        <concept id="434786" nome="adaptation to climate change"/>
      </concept>
      <concept id="1707" nome="pollution control measures">
        <concept id="177" nome="pollution control">
          <concept id="2060" nome="degree of pollution"/>
        </concept>
        <concept id="3136" nome="non-polluting vehicle"/>
        <concept id="2626" nome="polluter pays principle"/>
        <concept id="2824" nome="noise protection"/>
        <concept id="2611" nome="prevention of pollution">
          <concept id="5593" nome="anti-pollution device"/>
          <concept id="4891" nome="biodegradability"/>
        </concept>
        <concept id="2877" nome="decontamination"/>
      </concept>
      <concept id="2825" nome="environmental protection">
        <concept id="1706" nome="fire protection"/>
        <concept id="4801" nome="protected area">
          <concept id="2235" nome="national park">
            <concept id="8451" nome="national city park"/>
          </concept>
          <concept id="3457" nome="nature reserve"/>
        </concept>
        <concept id="2827" nome="protection of plant life"/>
        <concept id="6398" nome="water protection"/>
        <concept id="3142" nome="coastal protection"/>
        <concept id="5225" nome="fight against insects"/>
        <concept id="3141" nome="seismic monitoring"/>
        <concept id="2826" nome="protection of animal life">
          <concept id="2830" nome="protection of animals"/>
          <concept id="3128" nome="hunting regulations"/>
        </concept>
        <concept id="2841" nome="countryside conservation"/>
        <concept id="134" nome="conservation of resources"/>
      </concept>
    </concept>
    <concept id="100243" nome="5211 natural environment">
      <concept id="3549" nome="natural resources">
        <concept id="3687" nome="underwater mineral resources"/>
        <concept id="3535" nome="water resources"/>
        <concept id="3531" nome="resources of the sea"/>
        <concept id="3546" nome="mineral resources"/>
        <concept id="3528" nome="animal resources"/>
        <concept id="3538" nome="energy resources"/>
        <concept id="3536" nome="soil resources"/>
        <concept id="3551" nome="renewable resources"/>
        <concept id="3153" nome="plant resources"/>
      </concept>
      <concept id="3146" nome="geophysical environment">
        <concept id="260" nome="watercourse"/>
        <concept id="1287" nome="island"/>
        <concept id="2107" nome="ocean">
          <concept id="2110" nome="Atlantic Ocean">
            <concept id="1776" nome="English Channel"/>
            <concept id="1877" nome="North Sea"/>
            <concept id="1875" nome="Norwegian Sea"/>
            <concept id="1872" nome="Irish Sea"/>
            <concept id="1871" nome="Baltic Sea"/>
          </concept>
          <concept id="2111" nome="Indian Ocean"/>
          <concept id="2109" nome="Arctic Ocean"/>
          <concept id="2108" nome="Antarctic Ocean"/>
          <concept id="2112" nome="Pacific Ocean"/>
        </concept>
        <concept id="3414" nome="polar region">
          <concept id="2503" nome="Arctic"/>
          <concept id="1983" nome="Antarctica"/>
        </concept>
        <concept id="4785" nome="arid zone"/>
        <concept id="2389" nome="plain"/>
        <concept id="1870" nome="sea">
          <concept id="5736" nome="Black Sea"/>
          <concept id="5737" nome="Red Sea"/>
          <concept id="5735" nome="Caspian Sea"/>
          <concept id="1879" nome="Mediterranean Sea">
            <concept id="5223" nome="Aegean Sea"/>
            <concept id="5224" nome="Ionian Sea"/>
            <concept id="5221" nome="Adriatic Sea"/>
            <concept id="5222" nome="Ligurian Sea"/>
            <concept id="5220" nome="Tyrrhenian Sea"/>
          </concept>
        </concept>
        <concept id="5697" nome="lake"/>
        <concept id="415" nome="desert"/>
        <concept id="3154" nome="estuary"/>
        <concept id="1987" nome="mountain"/>
      </concept>
      <concept id="6011" nome="climate">
        <concept id="4786" nome="climatic zone">
          <concept id="4792" nome="equatorial zone"/>
          <concept id="4796" nome="frigid zone"/>
          <concept id="4797" nome="humid zone"/>
          <concept id="4807" nome="temperate zone"/>
          <concept id="4808" nome="tropical zone"/>
          <concept id="4803" nome="subtropical zone"/>
        </concept>
        <concept id="89" nome="atmospheric conditions"/>
      </concept>
      <concept id="3150" nome="wildlife">
        <concept id="1030" nome="plant life">
          <concept id="5791" nome="harmful plant"/>
        </concept>
        <concept id="972" nome="animal life">
          <concept id="5760" nome="bird"/>
          <concept id="5857" nome="reptile"/>
          <concept id="5722" nome="wild mammal">
            <concept id="5874" nome="rodent"/>
            <concept id="5895" nome="monkey"/>
            <concept id="5727" nome="marsupial"/>
            <concept id="5439" nome="fur-bearing animal"/>
            <concept id="8445" nome="bear"/>
            <concept id="8446" nome="lynx"/>
            <concept id="8444" nome="wolf"/>
            <concept id="1775" nome="marine mammal">
              <concept id="8303" nome="dolphin"/>
              <concept id="6406" nome="seal"/>
              <concept id="6403" nome="whale"/>
            </concept>
            <concept id="450869" nome="Chiroptera"/>
          </concept>
          <concept id="5676" nome="insect"/>
        </concept>
        <concept id="865" nome="protected species"/>
        <concept id="3149" nome="marine life"/>
      </concept>
      <concept id="833" nome="physical environment">
        <concept id="3967" nome="atmosphere">
          <concept id="2215" nome="ozone"/>
        </concept>
        <concept id="5741" nome="aquatic environment">
          <concept id="597" nome="water">
            <concept id="602" nome="freshwater"/>
            <concept id="609" nome="groundwater"/>
            <concept id="600" nome="bathing water"/>
            <concept id="1169" nome="ice"/>
            <concept id="3147" nome="stagnant water"/>
            <concept id="610" nome="surface water"/>
            <concept id="608" nome="saltwater"/>
            <concept id="607" nome="drinking water"/>
            <concept id="599" nome="percolation water"/>
          </concept>
          <concept id="5742" nome="marine environment">
            <concept id="1050" nome="sea-bed">
              <concept id="1049" nome="inshore grounds"/>
              <concept id="2423" nome="continental shelf"/>
            </concept>
            <concept id="1683" nome="littoral"/>
          </concept>
        </concept>
        <concept id="4940" nome="biosphere">
          <concept id="5463" nome="biodiversity"/>
        </concept>
        <concept id="664" nome="ecosystem">
          <concept id="5464" nome="biotope"/>
          <concept id="6405" nome="terrestrial ecosystem"/>
          <concept id="6404" nome="marine ecosystem"/>
        </concept>
        <concept id="844" nome="ecological balance"/>
      </concept>
    </concept>
    <concept id="100244" nome="5216 deterioration of the environment">
      <concept id="2090" nome="nuisance">
        <concept id="4308" nome="dangerous substance">
          <concept id="3135" nome="toxic substance"/>
          <concept id="4307" nome="carcinogenic substance"/>
          <concept id="2759" nome="inflammable product"/>
        </concept>
        <concept id="5048" nome="noise">
          <concept id="2063" nome="noise level"/>
        </concept>
        <concept id="2521" nome="pollutant">
          <concept id="3469" nome="pesticide residue"/>
          <concept id="2522" nome="atmospheric pollutant">
            <concept id="1140" nome="combustion gases"/>
            <concept id="5798" nome="stratospheric pollutant"/>
            <concept id="5650" nome="greenhouse gas"/>
            <concept id="2572" nome="dust"/>
          </concept>
          <concept id="2523" nome="water pollutant"/>
        </concept>
        <concept id="6720" nome="mechanical vibration"/>
        <concept id="3188" nome="thermal discharge"/>
        <concept id="5319" nome="electromagnetic interference">
          <concept id="6747" nome="non-ionising radiation"/>
        </concept>
      </concept>
      <concept id="2524" nome="pollution">
        <concept id="2531" nome="food contamination"/>
        <concept id="3161" nome="oil pollution"/>
        <concept id="3163" nome="pollution from ships"/>
        <concept id="2528" nome="chemical pollution"/>
        <concept id="2540" nome="stratospheric pollution"/>
        <concept id="2538" nome="pollution from agricultural sources"/>
        <concept id="3159" nome="motor vehicle pollution"/>
        <concept id="6413" nome="accidental pollution"/>
        <concept id="6414" nome="local pollution"/>
        <concept id="2527" nome="atmospheric pollution">
          <concept id="5605" nome="greenhouse effect"/>
        </concept>
        <concept id="2542" nome="transfrontier pollution"/>
        <concept id="2541" nome="thermal pollution"/>
        <concept id="2526" nome="noise pollution"/>
        <concept id="2530" nome="water pollution">
          <concept id="916" nome="eutrophication"/>
          <concept id="2535" nome="marine pollution">
            <concept id="2529" nome="pollution from land-based sources"/>
          </concept>
          <concept id="2533" nome="pollution of waterways"/>
        </concept>
        <concept id="2537" nome="organic pollution"/>
        <concept id="2539" nome="radioactive pollution"/>
        <concept id="2532" nome="coastal pollution"/>
        <concept id="2534" nome="soil pollution"/>
        <concept id="6407" nome="acidification"/>
        <concept id="3164" nome="industrial pollution"/>
        <concept id="3162" nome="metal pollution"/>
      </concept>
      <concept id="343" nome="waste">
        <concept id="1269" nome="used oil"/>
        <concept id="6408" nome="sewage sludge"/>
        <concept id="612" nome="wastewater"/>
        <concept id="5336" nome="export of waste"/>
        <concept id="347" nome="radioactive waste">
          <concept id="686" nome="radioactive effluent"/>
        </concept>
        <concept id="344" nome="agricultural waste"/>
        <concept id="6103" nome="hazardous waste"/>
        <concept id="6411" nome="electronic waste"/>
        <concept id="4141" nome="domestic waste"/>
        <concept id="6410" nome="chemical waste"/>
        <concept id="345" nome="industrial waste"/>
        <concept id="5294" nome="metal waste"/>
        <concept id="346" nome="non-recoverable waste"/>
        <concept id="6412" nome="hospital waste"/>
        <concept id="6409" nome="unauthorised dumping"/>
      </concept>
      <concept id="371" nome="degradation of the environment">
        <concept id="1335" nome="fire"/>
        <concept id="5958" nome="sensitive area"/>
        <concept id="413" nome="natural disaster">
          <concept id="856" nome="volcanic eruption"/>
          <concept id="5890" nome="earthquake"/>
          <concept id="5683" nome="bad weather"/>
          <concept id="5565" nome="cyclone"/>
          <concept id="3988" nome="drought"/>
          <concept id="3155" nome="agricultural disaster"/>
          <concept id="3158" nome="erosion"/>
          <concept id="1440" nome="flood"/>
        </concept>
        <concept id="420" nome="destruction of crops"/>
        <concept id="412" nome="man-made disaster"/>
        <concept id="3157" nome="defoliation"/>
        <concept id="416" nome="desertification"/>
        <concept id="5482" nome="climate change">
          <concept id="433963" nome="global warming"/>
        </concept>
        <concept id="4802" nome="disaster area"/>
        <concept id="4165" nome="acid rain"/>
        <concept id="4800" nome="polluted area"/>
        <concept id="339" nome="deforestation"/>
        <concept id="243" nome="corrosion"/>
      </concept>
    </concept>
  </concept>
</concepts>