<?xml version="1.0" encoding="UTF-8" ?>
<!--
 Licensed to the Apache Software Foundation (ASF) under one or more
 contributor license agreements.  See the NOTICE file distributed with
 this work for additional information regarding copyright ownership.
 The ASF licenses this file to You under the Apache License, Version 2.0
 (the "License"); you may not use this file except in compliance with
 the License.  You may obtain a copy of the License at

     http://www.apache.org/licenses/LICENSE-2.0

 Unless required by applicable law or agreed to in writing, software
 distributed under the License is distributed on an "AS IS" BASIS,
 WITHOUT WARRANTIES OR CONDITIONS OF ANY KIND, either express or implied.
 See the License for the specific language governing permissions and
 limitations under the License.
-->

<schema name="example" version="1.5">
  <!-- attribute "name" is the name of this schema and is only used for display purposes.
       Applications should change this to reflect the nature of the search collection.
       version="x.y" is Solr's version number for the schema syntax and semantics.  It should
       not normally be changed by applications.
       1.0: multiValued attribute did not exist, all fields are multiValued by nature
       1.1: multiValued attribute introduced, false by default 
       1.2: omitTermFreqAndPositions attribute introduced, true by default except for text fields.
       1.3: removed optional field compress feature
       1.4: default auto-phrase (QueryParser feature) to off
       1.5: omitNorms defaults to true for primitive field types (int, float, boolean, string...)
     -->

	<types>
    <!-- field type definitions. The "name" attribute is
       just a label to be used by field definitions.  The "class"
       attribute and any other attributes determine the real
       behavior of the fieldType.
         Class names starting with "solr" refer to java classes in the
       org.apache.solr.analysis package.
    -->

    <!-- The StrField type is not analyzed, but indexed/stored verbatim. -->
		<fieldType name="string" class="solr.StrField" sortMissingLast="true" />

    <!-- boolean type: "true" or "false" -->
		<fieldType name="boolean" class="solr.BoolField" sortMissingLast="true" />
    <!--Binary data type. The data should be sent/retrieved in as Base64 encoded Strings -->
		<fieldtype name="binary" class="solr.BinaryField" />

    <!--
      Default numeric field types. For faster range queries, consider the tint/tfloat/tlong/tdouble types.
    -->
		<fieldType name="int" class="solr.TrieIntField" precisionStep="0" positionIncrementGap="0" />
		<fieldType name="float" class="solr.TrieFloatField" precisionStep="0" positionIncrementGap="0" />
		<fieldType name="long" class="solr.TrieLongField" precisionStep="0" positionIncrementGap="0" />
		<fieldType name="double" class="solr.TrieDoubleField" precisionStep="0" positionIncrementGap="0" />

	<!-- A specialized field for geospatial search. If indexed, this fieldType must not be multivalued. -->
		<fieldType name="location" class="solr.LatLonType" subFieldSuffix="_coordinate" />

		<fieldType name="date" class="solr.TrieDateField" precisionStep="0" positionIncrementGap="0" />

    <!-- A text field that only splits on whitespace for exact matching of words -->
		<fieldType name="text_ws" class="solr.TextField" positionIncrementGap="100">
			<analyzer>
				<tokenizer class="solr.WhitespaceTokenizerFactory" />
			</analyzer>
		</fieldType>
    
 <!-- A text field that only splits on whitespace for exact matching of words -->
		<fieldType name="stringCaseInsensitive" class="solr.TextField">
			<analyzer>
				<tokenizer class="solr.KeywordTokenizerFactory" />
				<filter class="solr.LowerCaseFilterFactory" />
			</analyzer>
		</fieldType>

    <!-- A general text field that has reasonable, generic
         cross-language defaults: it tokenizes with StandardTokenizer,
	 removes stop words from case-insensitive "stopwords.txt"
	 (empty by default), and down cases.  At query time only, it
	 also applies synonyms. -->
		<fieldType name="text_general" class="solr.TextField" positionIncrementGap="100">
			<analyzer>
				<tokenizer class="solr.StandardTokenizerFactory" />
				<filter class="solr.LowerCaseFilterFactory" />
			</analyzer>
		</fieldType>

    
   <!-- some examples for different languages (generally ordered by ISO code) -->

    <!-- Arabic -->
		<fieldType name="text_ar" class="solr.TextField" positionIncrementGap="100">
			<analyzer>
				<tokenizer class="solr.StandardTokenizerFactory" />
        <!-- for any non-arabic -->
				<filter class="solr.LowerCaseFilterFactory" />
				<filter class="solr.StopFilterFactory" ignoreCase="true" words="lang/stopwords_ar.txt" enablePositionIncrements="true" />
        <!-- normalizes ﻯ to ﻱ, etc -->
				<filter class="solr.ArabicNormalizationFilterFactory" />
				<filter class="solr.ArabicStemFilterFactory" />
			</analyzer>
		</fieldType>

    <!-- Bulgarian -->
		<fieldType name="text_bg" class="solr.TextField" positionIncrementGap="100">
			<analyzer>
				<tokenizer class="solr.StandardTokenizerFactory" />
				<filter class="solr.LowerCaseFilterFactory" />
				<filter class="solr.StopFilterFactory" ignoreCase="true" words="lang/stopwords_bg.txt" enablePositionIncrements="true" />
				<filter class="solr.BulgarianStemFilterFactory" />
			</analyzer>
		</fieldType>
    
    <!-- Catalan -->
		<fieldType name="text_ca" class="solr.TextField" positionIncrementGap="100">
			<analyzer>
				<tokenizer class="solr.StandardTokenizerFactory" />
        <!-- removes l', etc -->
				<filter class="solr.ElisionFilterFactory" ignoreCase="true" articles="lang/contractions_ca.txt" />
				<filter class="solr.LowerCaseFilterFactory" />
				<filter class="solr.StopFilterFactory" ignoreCase="true" words="lang/stopwords_ca.txt" enablePositionIncrements="true" />
				<filter class="solr.SnowballPorterFilterFactory" language="Catalan" />
			</analyzer>
		</fieldType>
    
    <!-- CJK bigram (see text_ja for a Japanese configuration using morphological analysis) -->
		<fieldType name="text_cjk" class="solr.TextField" positionIncrementGap="100">
			<analyzer>
				<tokenizer class="solr.StandardTokenizerFactory" />
        <!-- normalize width before bigram, as e.g. half-width dakuten combine  -->
				<filter class="solr.CJKWidthFilterFactory" />
        <!-- for any non-CJK -->
				<filter class="solr.LowerCaseFilterFactory" />
				<filter class="solr.CJKBigramFilterFactory" />
			</analyzer>
		</fieldType>

    <!-- Czech -->
		<fieldType name="text_cs" class="solr.TextField" positionIncrementGap="100">
			<analyzer>
				<tokenizer class="solr.StandardTokenizerFactory" />
				<filter class="solr.LowerCaseFilterFactory" />
				<filter class="solr.StopFilterFactory" ignoreCase="true" words="lang/stopwords_cz.txt" enablePositionIncrements="true" />
				<filter class="solr.CzechStemFilterFactory" />
			</analyzer>
		</fieldType>
    
    <!-- Danish -->
		<fieldType name="text_da" class="solr.TextField" positionIncrementGap="100">
			<analyzer>
				<tokenizer class="solr.StandardTokenizerFactory" />
				<filter class="solr.LowerCaseFilterFactory" />
				<filter class="solr.StopFilterFactory" ignoreCase="true" words="lang/stopwords_da.txt" format="snowball" enablePositionIncrements="true" />
				<filter class="solr.SnowballPorterFilterFactory" language="Danish" />
			</analyzer>
		</fieldType>

   
    <!-- German -->
		<fieldType name="text_de" class="solr.TextField" positionIncrementGap="100">
			<analyzer>
				<tokenizer class="solr.StandardTokenizerFactory" />
				<filter class="solr.LowerCaseFilterFactory" />
				<filter class="solr.StopFilterFactory" ignoreCase="true" words="lang/stopwords_de.txt" format="snowball" enablePositionIncrements="true" />
				<filter class="solr.GermanNormalizationFilterFactory" />
				<filter class="solr.GermanLightStemFilterFactory" />
        <!-- less aggressive: <filter class="solr.GermanMinimalStemFilterFactory"/> -->
        <!-- more aggressive: <filter class="solr.SnowballPorterFilterFactory" language="German2"/> -->
			</analyzer>
		</fieldType>
    
    <!-- Greek -->
		<fieldType name="text_el" class="solr.TextField" positionIncrementGap="100">
			<analyzer>
				<tokenizer class="solr.StandardTokenizerFactory" />
        <!-- greek specific lowercase for sigma -->
				<filter class="solr.GreekLowerCaseFilterFactory" />
				<filter class="solr.StopFilterFactory" ignoreCase="false" words="lang/stopwords_el.txt" enablePositionIncrements="true" />
				<filter class="solr.GreekStemFilterFactory" />
			</analyzer>
		</fieldType>

	<!-- English -->
		<fieldType name="text_en" class="solr.TextField" positionIncrementGap="100">
			<analyzer>
				<tokenizer class="solr.StandardTokenizerFactory" />
				<filter class="solr.StopFilterFactory" ignoreCase="true" words="lang/stopwords_en.txt" enablePositionIncrements="true" />
				<filter class="solr.LowerCaseFilterFactory" />
				<filter class="solr.EnglishPossessiveFilterFactory" />
				<filter class="solr.KeywordMarkerFilterFactory" protected="protwords.txt" />
				<filter class="solr.EnglishMinimalStemFilterFactory" />
			</analyzer>
		</fieldType>
    
    <!-- Spanish -->
		<fieldType name="text_es" class="solr.TextField" positionIncrementGap="100">
			<analyzer>
				<tokenizer class="solr.StandardTokenizerFactory" />
				<filter class="solr.LowerCaseFilterFactory" />
				<filter class="solr.StopFilterFactory" ignoreCase="true" words="lang/stopwords_es.txt" format="snowball" enablePositionIncrements="true" />
				<filter class="solr.SpanishLightStemFilterFactory" />
        <!-- more aggressive: <filter class="solr.SnowballPorterFilterFactory" language="Spanish"/> -->
			</analyzer>
		</fieldType>
    
    <!-- Basque -->
		<fieldType name="text_eu" class="solr.TextField" positionIncrementGap="100">
			<analyzer>
				<tokenizer class="solr.StandardTokenizerFactory" />
				<filter class="solr.LowerCaseFilterFactory" />
				<filter class="solr.StopFilterFactory" ignoreCase="true" words="lang/stopwords_eu.txt" enablePositionIncrements="true" />
				<filter class="solr.SnowballPorterFilterFactory" language="Basque" />
			</analyzer>
		</fieldType>
    
    <!-- Persian -->
		<fieldType name="text_fa" class="solr.TextField" positionIncrementGap="100">
			<analyzer>
        <!-- for ZWNJ -->
				<charFilter class="solr.PersianCharFilterFactory" />
				<tokenizer class="solr.StandardTokenizerFactory" />
				<filter class="solr.LowerCaseFilterFactory" />
				<filter class="solr.ArabicNormalizationFilterFactory" />
				<filter class="solr.PersianNormalizationFilterFactory" />
				<filter class="solr.StopFilterFactory" ignoreCase="true" words="lang/stopwords_fa.txt" enablePositionIncrements="true" />
			</analyzer>
		</fieldType>
    
    <!-- Finnish -->
		<fieldType name="text_fi" class="solr.TextField" positionIncrementGap="100">
			<analyzer>
				<tokenizer class="solr.StandardTokenizerFactory" />
				<filter class="solr.LowerCaseFilterFactory" />
				<filter class="solr.StopFilterFactory" ignoreCase="true" words="lang/stopwords_fi.txt" format="snowball" enablePositionIncrements="true" />
				<filter class="solr.SnowballPorterFilterFactory" language="Finnish" />
        <!-- less aggressive: <filter class="solr.FinnishLightStemFilterFactory"/> -->
			</analyzer>
		</fieldType>
    
    <!-- French -->
		<fieldType name="text_fr" class="solr.TextField" positionIncrementGap="100">
			<analyzer>
				<tokenizer class="solr.StandardTokenizerFactory" />
        <!-- removes l', etc -->
				<filter class="solr.ElisionFilterFactory" ignoreCase="true" articles="lang/contractions_fr.txt" />
				<filter class="solr.LowerCaseFilterFactory" />
				<filter class="solr.StopFilterFactory" ignoreCase="true" words="lang/stopwords_fr.txt" format="snowball" enablePositionIncrements="true" />
				<filter class="solr.FrenchLightStemFilterFactory" />
        <!-- less aggressive: <filter class="solr.FrenchMinimalStemFilterFactory"/> -->
        <!-- more aggressive: <filter class="solr.SnowballPorterFilterFactory" language="French"/> -->
			</analyzer>
		</fieldType>
    
    <!-- Irish -->
		<fieldType name="text_ga" class="solr.TextField" positionIncrementGap="100">
			<analyzer>
				<tokenizer class="solr.StandardTokenizerFactory" />
        <!-- removes d', etc -->
				<filter class="solr.ElisionFilterFactory" ignoreCase="true" articles="lang/contractions_ga.txt" />
        <!-- removes n-, etc. position increments is intentionally false! -->
				<filter class="solr.StopFilterFactory" ignoreCase="true" words="lang/hyphenations_ga.txt" enablePositionIncrements="false" />
				<filter class="solr.IrishLowerCaseFilterFactory" />
				<filter class="solr.StopFilterFactory" ignoreCase="true" words="lang/stopwords_ga.txt" enablePositionIncrements="true" />
				<filter class="solr.SnowballPorterFilterFactory" language="Irish" />
			</analyzer>
		</fieldType>
    
    <!-- Galician -->
		<fieldType name="text_gl" class="solr.TextField" positionIncrementGap="100">
			<analyzer>
				<tokenizer class="solr.StandardTokenizerFactory" />
				<filter class="solr.LowerCaseFilterFactory" />
				<filter class="solr.StopFilterFactory" ignoreCase="true" words="lang/stopwords_gl.txt" enablePositionIncrements="true" />
				<filter class="solr.GalicianStemFilterFactory" />
        <!-- less aggressive: <filter class="solr.GalicianMinimalStemFilterFactory"/> -->
			</analyzer>
		</fieldType>
    
    <!-- Hindi -->
		<fieldType name="text_hi" class="solr.TextField" positionIncrementGap="100">
			<analyzer>
				<tokenizer class="solr.StandardTokenizerFactory" />
				<filter class="solr.LowerCaseFilterFactory" />
        <!-- normalizes unicode representation -->
				<filter class="solr.IndicNormalizationFilterFactory" />
        <!-- normalizes variation in spelling -->
				<filter class="solr.HindiNormalizationFilterFactory" />
				<filter class="solr.StopFilterFactory" ignoreCase="true" words="lang/stopwords_hi.txt" enablePositionIncrements="true" />
				<filter class="solr.HindiStemFilterFactory" />
			</analyzer>
		</fieldType>
    
    <!-- Hungarian -->
		<fieldType name="text_hu" class="solr.TextField" positionIncrementGap="100">
			<analyzer>
				<tokenizer class="solr.StandardTokenizerFactory" />
				<filter class="solr.LowerCaseFilterFactory" />
				<filter class="solr.StopFilterFactory" ignoreCase="true" words="lang/stopwords_hu.txt" format="snowball" enablePositionIncrements="true" />
				<filter class="solr.SnowballPorterFilterFactory" language="Hungarian" />
        <!-- less aggressive: <filter class="solr.HungarianLightStemFilterFactory"/> -->
			</analyzer>
		</fieldType>
    
    <!-- Armenian -->
		<fieldType name="text_hy" class="solr.TextField" positionIncrementGap="100">
			<analyzer>
				<tokenizer class="solr.StandardTokenizerFactory" />
				<filter class="solr.LowerCaseFilterFactory" />
				<filter class="solr.StopFilterFactory" ignoreCase="true" words="lang/stopwords_hy.txt" enablePositionIncrements="true" />
				<filter class="solr.SnowballPorterFilterFactory" language="Armenian" />
			</analyzer>
		</fieldType>
    
    <!-- Indonesian -->
		<fieldType name="text_id" class="solr.TextField" positionIncrementGap="100">
			<analyzer>
				<tokenizer class="solr.StandardTokenizerFactory" />
				<filter class="solr.LowerCaseFilterFactory" />
				<filter class="solr.StopFilterFactory" ignoreCase="true" words="lang/stopwords_id.txt" enablePositionIncrements="true" />
        <!-- for a less aggressive approach (only inflectional suffixes), set stemDerivational to false -->
				<filter class="solr.IndonesianStemFilterFactory" stemDerivational="true" />
			</analyzer>
		</fieldType>
    
    <!-- Italian -->
		<fieldType name="text_it" class="solr.TextField" positionIncrementGap="100">
			<analyzer>
				<tokenizer class="solr.StandardTokenizerFactory" />
        <!-- removes l', etc -->
				<filter class="solr.ElisionFilterFactory" ignoreCase="true" articles="lang/contractions_it.txt" />
				<filter class="solr.LowerCaseFilterFactory" />
				<filter class="solr.StopFilterFactory" ignoreCase="true" words="lang/stopwords_it.txt" format="snowball" enablePositionIncrements="true" />
				<filter class="solr.ItalianLightStemFilterFactory" />
        <!-- more aggressive: <filter class="solr.SnowballPorterFilterFactory" language="Italian"/> -->
			</analyzer>
		</fieldType>
    
    <!-- Japanese using morphological analysis (see text_cjk for a configuration using bigramming)

         NOTE: If you want to optimize search for precision, use default operator AND in your query
         parser config with <solrQueryParser defaultOperator="AND"/> further down in this file.  Use 
         OR if you would like to optimize for recall (default).
    -->
		<fieldType name="text_ja" class="solr.TextField" positionIncrementGap="100" autoGeneratePhraseQueries="false">
			<analyzer>
				<tokenizer class="solr.JapaneseTokenizerFactory" mode="search" />
        <!--<tokenizer class="solr.JapaneseTokenizerFactory" mode="search" userDictionary="lang/userdict_ja.txt"/>-->
        <!-- Reduces inflected verbs and adjectives to their base/dictionary forms (辞書形) -->
				<filter class="solr.JapaneseBaseFormFilterFactory" />
        <!-- Removes tokens with certain part-of-speech tags -->
				<filter class="solr.JapanesePartOfSpeechStopFilterFactory" tags="lang/stoptags_ja.txt" enablePositionIncrements="true" />
        <!-- Normalizes full-width romaji to half-width and half-width kana to full-width (Unicode NFKC subset) -->
				<filter class="solr.CJKWidthFilterFactory" />
        <!-- Removes common tokens typically not useful for search, but have a negative effect on ranking -->
				<filter class="solr.StopFilterFactory" ignoreCase="true" words="lang/stopwords_ja.txt" enablePositionIncrements="true" />
        <!-- Normalizes common katakana spelling variations by removing any last long sound character (U+30FC) -->
				<filter class="solr.JapaneseKatakanaStemFilterFactory" minimumLength="4" />
        <!-- Lower-cases romaji characters -->
				<filter class="solr.LowerCaseFilterFactory" />
			</analyzer>
		</fieldType>
    
    <!-- Latvian -->
		<fieldType name="text_lv" class="solr.TextField" positionIncrementGap="100">
			<analyzer>
				<tokenizer class="solr.StandardTokenizerFactory" />
				<filter class="solr.LowerCaseFilterFactory" />
				<filter class="solr.StopFilterFactory" ignoreCase="true" words="lang/stopwords_lv.txt" enablePositionIncrements="true" />
				<filter class="solr.LatvianStemFilterFactory" />
			</analyzer>
		</fieldType>
    
    <!-- Dutch -->
		<fieldType name="text_nl" class="solr.TextField" positionIncrementGap="100">
			<analyzer>
				<tokenizer class="solr.StandardTokenizerFactory" />
				<filter class="solr.LowerCaseFilterFactory" />
				<filter class="solr.StopFilterFactory" ignoreCase="true" words="lang/stopwords_nl.txt" format="snowball" enablePositionIncrements="true" />
				<filter class="solr.StemmerOverrideFilterFactory" dictionary="lang/stemdict_nl.txt" ignoreCase="false" />
				<filter class="solr.SnowballPorterFilterFactory" language="Dutch" />
			</analyzer>
		</fieldType>
    
    <!-- Norwegian -->
		<fieldType name="text_no" class="solr.TextField" positionIncrementGap="100">
			<analyzer>
				<tokenizer class="solr.StandardTokenizerFactory" />
				<filter class="solr.LowerCaseFilterFactory" />
				<filter class="solr.StopFilterFactory" ignoreCase="true" words="lang/stopwords_no.txt" format="snowball" enablePositionIncrements="true" />
				<filter class="solr.SnowballPorterFilterFactory" language="Norwegian" />
        <!-- less aggressive: <filter class="solr.NorwegianLightStemFilterFactory"/> -->
        <!-- singular/plural: <filter class="solr.NorwegianMinimalStemFilterFactory"/> -->
			</analyzer>
		</fieldType>

<!-- Polish -->
		<fieldType name="text_pl" class="solr.TextField" positionIncrementGap="100">
			<analyzer>
				<tokenizer class="solr.StandardTokenizerFactory" />
				<filter class="solr.LowerCaseFilterFactory" />
				<filter class="solr.StempelPolishStemFilterFactory" language="Polish" />
			</analyzer>
		</fieldType>
    
    <!-- Portuguese -->
		<fieldType name="text_pt" class="solr.TextField" positionIncrementGap="100">
			<analyzer>
				<tokenizer class="solr.StandardTokenizerFactory" />
				<filter class="solr.LowerCaseFilterFactory" />
				<filter class="solr.StopFilterFactory" ignoreCase="true" words="lang/stopwords_pt.txt" format="snowball" enablePositionIncrements="true" />
				<filter class="solr.PortugueseLightStemFilterFactory" />
        <!-- less aggressive: <filter class="solr.PortugueseMinimalStemFilterFactory"/> -->
        <!-- more aggressive: <filter class="solr.SnowballPorterFilterFactory" language="Portuguese"/> -->
        <!-- most aggressive: <filter class="solr.PortugueseStemFilterFactory"/> -->
			</analyzer>
		</fieldType>
    
    <!-- Romanian -->
		<fieldType name="text_ro" class="solr.TextField" positionIncrementGap="100">
			<analyzer>
				<tokenizer class="solr.StandardTokenizerFactory" />
				<filter class="solr.LowerCaseFilterFactory" />
				<filter class="solr.StopFilterFactory" ignoreCase="true" words="lang/stopwords_ro.txt" enablePositionIncrements="true" />
				<filter class="solr.SnowballPorterFilterFactory" language="Romanian" />
			</analyzer>
		</fieldType>
    
    <!-- Russian -->
		<fieldType name="text_ru" class="solr.TextField" positionIncrementGap="100">
			<analyzer>
				<tokenizer class="solr.StandardTokenizerFactory" />
				<filter class="solr.LowerCaseFilterFactory" />
				<filter class="solr.StopFilterFactory" ignoreCase="true" words="lang/stopwords_ru.txt" format="snowball" enablePositionIncrements="true" />
				<filter class="solr.SnowballPorterFilterFactory" language="Russian" />
        <!-- less aggressive: <filter class="solr.RussianLightStemFilterFactory"/> -->
			</analyzer>
		</fieldType>
    
    <!-- Swedish -->
		<fieldType name="text_sv" class="solr.TextField" positionIncrementGap="100">
			<analyzer>
				<tokenizer class="solr.StandardTokenizerFactory" />
				<filter class="solr.LowerCaseFilterFactory" />
				<filter class="solr.StopFilterFactory" ignoreCase="true" words="lang/stopwords_sv.txt" format="snowball" enablePositionIncrements="true" />
				<filter class="solr.SnowballPorterFilterFactory" language="Swedish" />
        <!-- less aggressive: <filter class="solr.SwedishLightStemFilterFactory"/> -->
			</analyzer>
		</fieldType>
    
    <!-- Thai -->
		<fieldType name="text_th" class="solr.TextField" positionIncrementGap="100">
			<analyzer>
				<tokenizer class="solr.StandardTokenizerFactory" />
				<filter class="solr.LowerCaseFilterFactory" />
				<filter class="solr.ThaiWordFilterFactory" />
				<filter class="solr.StopFilterFactory" ignoreCase="true" words="lang/stopwords_th.txt" enablePositionIncrements="true" />
			</analyzer>
		</fieldType>
    
    <!-- Turkish -->
		<fieldType name="text_tr" class="solr.TextField" positionIncrementGap="100">
			<analyzer>
				<tokenizer class="solr.StandardTokenizerFactory" />
				<filter class="solr.TurkishLowerCaseFilterFactory" />
				<filter class="solr.StopFilterFactory" ignoreCase="false" words="lang/stopwords_tr.txt" enablePositionIncrements="true" />
				<filter class="solr.SnowballPorterFilterFactory" language="Turkish" />
			</analyzer>
		</fieldType>
	</types>


	<fields>
		<field name="package_id" type="string" indexed="true" stored="true" required="true" />
		<field name="url" type="string" indexed="false" stored="true" required="true" />
		<field name="title" type="text_it" indexed="true" stored="true" required="true" />
		<field name="description" type="text_it" indexed="true" stored="true" required="false" />
		<field name="visualization_system" type="string" indexed="true" stored="true" required="false" />

		<field name="resource" type="string" indexed="false" stored="true" required="false" multiValued="true" />

		<field name="language" type="stringCaseInsensitive" indexed="true" stored="true" required="false" multiValued="false" />

		<field name="topic" type="string" indexed="true" stored="true" required="false" multiValued="true" />
		<field name="author" type="string" indexed="true" stored="true" required="false" multiValued="true" />
		<field name="maintainer" type="string" indexed="true" stored="true" required="false" multiValued="true" />
		<field name="tag" type="string" indexed="true" stored="true" required="false" multiValued="true" />

		<field name="spatial_extent" type="location" indexed="true" stored="true" required="false" />
		
		<field name="contents_text" type="text_general" indexed="true" stored="false" required="true" />
		
		<!-- date -->
		<field name="metadata_created" type="date" indexed="true" stored="true" required="false" />
		<field name="metadata_modified" type="date" indexed="true" stored="true" required="false" />
		<field name="package_created" type="date" indexed="true" stored="true" required="false" />
		<field name="package_modified" type="date" indexed="true" stored="true" required="false" />
		<field name="metadata_source_modified" type="date" indexed="true" stored="true" required="false" />
		<field name="valid_from" type="date" indexed="true" stored="true" required="false" />
		<field name="valid_to" type="date" indexed="true" stored="true" required="false" />
		
		<!-- ontology concepts from tags -->
		<field name="concept" type="string" indexed="true" stored="true" required="false" multiValued="true" omitNorms="false" />

		<!-- campo base -->
		<dynamicField name="*_text_it" type="text_it" indexed="true" stored="false" required="false" />
		<dynamicField name="*_text_fr" type="text_fr" indexed="true" stored="false" required="false" />
		<dynamicField name="*_text_en" type="text_en" indexed="true" stored="false" required="false" />
		<dynamicField name="*_text_es" type="text_es" indexed="true" stored="false" required="false" />
		<dynamicField name="*_text_pt" type="text_pt" indexed="true" stored="false" required="false" />
		<dynamicField name="*_text_el" type="text_el" indexed="true" stored="false" required="false" />
		<dynamicField name="*_text_sl" type="text_general" indexed="true" stored="false" required="false" />
		<dynamicField name="*_text_sr" type="text_general" indexed="true" stored="false" required="false" />
		<dynamicField name="*_text_et" type="text_general" indexed="true" stored="false" required="false" />
		<dynamicField name="*_text_de" type="text_de" indexed="true" stored="false" required="false" />
		<dynamicField name="*_text_nl" type="text_nl" indexed="true" stored="false" required="false" />
		<dynamicField name="*_text_hu" type="text_hu" indexed="true" stored="false" required="false" />
		<dynamicField name="*_text_cs" type="text_cs" indexed="true" stored="false" required="false" />
		<dynamicField name="*_text_da" type="text_da" indexed="true" stored="false" required="false" />
		<dynamicField name="*_text_pl" type="text_pl" indexed="true" stored="false" required="false" />
		<dynamicField name="*_text_ro" type="text_ro" indexed="true" stored="false" required="false" />
		<dynamicField name="*_text_sv" type="text_sv" indexed="true" stored="false" required="false" />
		<dynamicField name="*_text_fi" type="text_fi" indexed="true" stored="false" required="false" />
		<dynamicField name="*_text_bg" type="text_bg" indexed="true" stored="false" required="false" />
		<dynamicField name="*_text_lv" type="text_lv" indexed="true" stored="false" required="false" />
		<dynamicField name="*_text_no" type="text_no" indexed="true" stored="false" required="false" />

		<dynamicField name="resource_*" type="string" indexed="true" stored="false" required="false" multiValued="true" />
		<dynamicField name="*" type="string" indexed="true" stored="true" required="false" />
	</fields>

	<uniqueKey>package_id</uniqueKey>

	<defaultSearchField>contents_text</defaultSearchField>

	<solrQueryParser defaultOperator="OR" />


</schema>
