<?xml version="1.0" encoding="UTF-8" ?>
<!--
 Licensed to the Apache Software Foundation (ASF) under one or more
 contributor license agreements.  See the NOTICE file distributed with
 this work for additional information regarding copyright ownership.
 The ASF licenses this file to You under the Apache License, Version 2.0
 (the "License"); you may not use this file except in compliance with
 the License.  You may obtain a copy of the License at

     http://www.apache.org/licenses/LICENSE-2.0

 Unless required by applicable law or agreed to in writing, software
 distributed under the License is distributed on an "AS IS" BASIS,
 WITHOUT WARRANTIES OR CONDITIONS OF ANY KIND, either express or implied.
 See the License for the specific language governing permissions and
 limitations under the License.
-->

<!-- 
     For more details about configurations options that may appear in
     this file, see http://wiki.apache.org/solr/SolrConfigXml. 
-->
<config>
  <!-- In all configuration below, a prefix of "solr." for class names
       is an alias that causes solr to search appropriate packages,
       including org.apache.solr.(search|update|request|core|analysis)

       You may also specify a fully qualified Java classname if you
       have your own custom plugins.
    -->

  <!-- Set this to 'false' if you want solr to continue working after
       it has encountered an severe configuration error.  In a
       production environment, you may want solr to keep working even
       if one handler is mis-configured.

       You may also set this to false using by setting the system
       property:

         -Dsolr.abortOnConfigurationError=false
    -->
	<abortOnConfigurationError>${solr.abortOnConfigurationError:true}</abortOnConfigurationError>
  
  <!-- Controls what version of Lucene various components of Solr
       adhere to.  Generally, you want to use the latest version to
       get all bug fixes and improvements. It is highly recommended
       that you fully re-index after changing this setting as it can
       affect both how text is indexed and queried.
    -->
	<luceneMatchVersion>LUCENE_CURRENT</luceneMatchVersion>

  <!-- lib directives can be used to instruct Solr to load an Jars
       identified and use them to resolve any "plugins" specified in
       your solrconfig.xml or schema.xml (ie: Analyzers, Request
       Handlers, etc...).

       All directories and paths are resolved relative to the
       instanceDir.

       If a "./lib" directory exists in your instanceDir, all files
       found in it are included as if you had used the following
       syntax...
       
              <lib dir="./lib" />
    -->

  <!-- A 'dir' option by itself adds any files found in the directory 
       to the classpath, this is useful for including all jars in a
       directory.
    -->
  <!--
     <lib dir="../add-everything-found-in-this-dir-to-the-classpath" />
  -->

  <!-- When a 'regex' is specified in addition to a 'dir', only the
       files in that directory which completely match the regex
       (anchored on both ends) will be included.
    -->
	<lib dir="../../dist/" regex="apache-solr-cell-\d.*\.jar" />
	<lib dir="../../contrib/extraction/lib" regex=".*\.jar" />

	<lib dir="../../dist/" regex="apache-solr-clustering-\d.*\.jar" />
	<lib dir="../../contrib/clustering/lib/" regex=".*\.jar" />

	<lib dir="../../dist/" regex="apache-solr-dataimporthandler-\d.*\.jar" />
	<lib dir="../../contrib/dataimporthandler/lib/" regex=".*\.jar" />

	<lib dir="../../dist/" regex="apache-solr-langid-\d.*\.jar" />
	<lib dir="../../contrib/langid/lib/" regex=".*\.jar" />

	<lib dir="../../dist/" regex="apache-solr-velocity-\d.*\.jar" />
	<lib dir="../../contrib/velocity/lib" regex=".*\.jar" />

  <!-- If a 'dir' option (with or without a regex) is used and nothing
       is found that matches, it will be ignored
    -->
	<lib dir="/total/crap/dir/ignored" />

  <!-- an exact 'path' can be used instead of a 'dir' to specify a 
       specific file.  This will cause a serious error to be logged if 
       it can't be loaded.
    -->
  <!--
     <lib path="../a-jar-that-does-not-exist.jar" /> 
  -->
  
  <!-- Data Directory

       Used to specify an alternate directory to hold all index data
       other than the default ./data under the Solr home.  If
       replication is in use, this should match the replication
       configuration.
    -->
	<dataDir>${solr.data.dir:}</dataDir>


  <!-- The DirectoryFactory to use for indexes.
       
       solr.StandardDirectoryFactory, the default, is filesystem
       based and tries to pick the best implementation for the current
       JVM and platform.  One can force a particular implementation
       via solr.MMapDirectoryFactory, solr.NIOFSDirectoryFactory, or
       solr.SimpleFSDirectoryFactory.

       solr.RAMDirectoryFactory is memory based, not
       persistent, and doesn't work with replication.
    -->
	<directoryFactory name="DirectoryFactory" class="${solr.directoryFactory:solr.StandardDirectoryFactory}" />


	<indexConfig>
	</indexConfig>


	<jmx />
  

  <!-- The default high-performance update handler -->
  <updateHandler class="solr.DirectUpdateHandler2"></updateHandler>
  
    <queryParser name="classMacro" class="it.csi.solr.search.ClassMacroQParserPlugin" /> 

  <!-- ~~~~~~~~~~~~~~~~~~~~~~~~~~~~~~~~~~~~~~~~~~~~~~~~~~~~~~~~~~~~~~~~~~~~~
       Query section - these settings control query time things like caches
       ~~~~~~~~~~~~~~~~~~~~~~~~~~~~~~~~~~~~~~~~~~~~~~~~~~~~~~~~~~~~~~~~~~~~~ -->
	<query>
    <!-- Max Boolean Clauses

         Maximum number of clauses in each BooleanQuery,  an exception
         is thrown if exceeded.

         ** WARNING **
         
         This option actually modifies a global Lucene property that
         will affect all SolrCores.  If multiple solrconfig.xml files
         disagree on this property, the value at any given moment will
         be based on the last SolrCore to be initialized.
         
      -->
		<maxBooleanClauses>1024</maxBooleanClauses>



		<filterCache class="solr.FastLRUCache" size="512" initialSize="512" autowarmCount="0" />

		<queryResultCache class="solr.LRUCache" size="512" initialSize="512" autowarmCount="0" />

		<documentCache class="solr.LRUCache" size="512" initialSize="512" autowarmCount="0" />


		<enableLazyFieldLoading>true</enableLazyFieldLoading>


		<queryResultWindowSize>20</queryResultWindowSize>

   <!-- Maximum number of documents to cache for any entry in the
        queryResultCache. 
     -->
		<queryResultMaxDocsCached>200</queryResultMaxDocsCached>


		<listener event="newSearcher" class="solr.QuerySenderListener">
			<arr name="queries">
			</arr>
		</listener>
		<listener event="firstSearcher" class="solr.QuerySenderListener">
			<arr name="queries">
				<lst>
					<str name="q">static firstSearcher warming in solrconfig.xml</str>
				</lst>
			</arr>
		</listener>

		<useColdSearcher>false</useColdSearcher>
		<maxWarmingSearchers>2</maxWarmingSearchers>

	</query>



	<requestDispatcher>

		<requestParsers enableRemoteStreaming="true" multipartUploadLimitInKB="2048000" />


		<httpCaching never304="true" />

	</requestDispatcher>

 
  <!-- SearchHandler

       http://wiki.apache.org/solr/SearchHandler

       For processing Search Queries, the primary Request Handler
       provided with Solr is "SearchHandler" It delegates to a sequent
       of SearchComponents (see below) and supports distributed
       queries across multiple shards
    -->
<!--	<requestHandler name="/select" class="solr.SearchHandler">
		<lst name="defaults">
			<str name="echoParams">explicit</str>
			<int name="rows">10</int>
			<str name="df">text</str>
		</lst>
	</requestHandler> -->

	<requestHandler name="/select" class="it.csi.solr.search.OntologyMediatedSearch" default="true">
	  <arr name="components">
			<str>query</str>
			<str>facet</str>
			<str>classification</str>
			<str>wonderwheel</str>
			<str>mlt</str>
			<str>highlight</str>
			<str>stats</str>
			<str>debug</str>
		</arr> 
	</requestHandler>

	<updateRequestProcessorChain name="homerUpdateChain">
		<processor class="solr.LogUpdateProcessorFactory"></processor>
		<processor class="it.csi.solr.update.CustomUpdateProcessorFactory">
		</processor>
		<processor class="solr.RunUpdateProcessorFactory" />
	</updateRequestProcessorChain>
 
  <!-- XML Update Request Handler.  
       
       http://wiki.apache.org/solr/UpdateXmlMessages

       The canonical Request Handler for Modifying the Index through
       commands specified using XML.

       Note: Since solr1.1 requestHandlers requires a valid content
       type header if posted in the body. For example, curl now
       requires: -H 'Content-type:text/xml; charset=utf-8'
    -->
	<requestHandler name="/update" class="solr.XmlUpdateRequestHandler">
		<lst name="defaults">
			<str name="update.chain">homerUpdateChain</str>
		</lst>
	</requestHandler>
    
  <!-- Binary Update Request Handler
       http://wiki.apache.org/solr/javabin
    -->
	<requestHandler name="/update/javabin" class="solr.BinaryUpdateRequestHandler">
		<lst name="defaults">
			<str name="update.chain">homerUpdateChain</str>
		</lst>
	</requestHandler>
  
  <!-- CSV Update Request Handler
       http://wiki.apache.org/solr/UpdateCSV
    -->
	<requestHandler name="/update/csv" class="solr.CSVRequestHandler" startup="lazy">
		<lst name="defaults">
			<str name="update.chain">homerUpdateChain</str>
		</lst>
	</requestHandler>
    
  <!-- JSON Update Request Handler
       http://wiki.apache.org/solr/UpdateJSON
    -->
	<requestHandler name="/update/json" class="solr.JsonUpdateRequestHandler" startup="lazy">
		<lst name="defaults">
			<str name="update.chain">homerUpdateChain</str>
		</lst>
	</requestHandler>
    
  <!-- Solr Cell Update Request Handler
       http://wiki.apache.org/solr/ExtractingRequestHandler  -->
	<requestHandler name="/update/extract" startup="lazy" class="solr.extraction.ExtractingRequestHandler">
		<lst name="defaults">
      <!-- All the main content goes into "text"... if you need to return
           the extracted text or do highlighting, use a stored field. -->
			<str name="fmap.content">text</str>
			<str name="lowernames">true</str>
			<str name="uprefix">ignored_</str>
      <!-- capture link hrefs but ignore div attributes -->
			<str name="captureAttr">true</str>
			<str name="fmap.a">links</str>
			<str name="fmap.div">ignored_</str>
			<str name="update.chain">homerUpdateChain</str>
		</lst>
	</requestHandler>

  <!-- XSLT Update Request Handler
       Transforms incoming XML with stylesheet identified by tr=
  -->
	<requestHandler name="/update/xslt" startup="lazy" class="solr.XsltUpdateRequestHandler">
		<lst name="defaults">
			<str name="update.chain">homerUpdateChain</str>
		</lst>
	</requestHandler>
    
  <!-- Field Analysis Request Handler

       RequestHandler that provides much the same functionality as
       analysis.jsp. Provides the ability to specify multiple field
       types and field names in the same request and outputs
       index-time and query-time analysis for each of them.

       Request parameters are:
       analysis.fieldname - field name whose analyzers are to be used

       analysis.fieldtype - field type whose analyzers are to be used
       analysis.fieldvalue - text for index-time analysis
       q (or analysis.q) - text for query time analysis
       analysis.showmatch (true|false) - When set to true and when
           query analysis is performed, the produced tokens of the
           field value analysis will be marked as "matched" for every
           token that is produces by the query analysis
   -->
	<requestHandler name="/analysis/field" startup="lazy" class="solr.FieldAnalysisRequestHandler" />

	<requestHandler name="/analysis/document" class="solr.DocumentAnalysisRequestHandler" startup="lazy" />

  <!-- Admin Handlers
       Admin Handlers - This will register all the standard admin
       RequestHandlers.    -->
	<requestHandler name="/admin/" class="solr.admin.AdminHandlers" />
  
  <!-- ping/healthcheck -->
	<requestHandler name="/admin/ping" class="solr.PingRequestHandler">
		<lst name="invariants">
			<str name="q">solrpingquery</str>
		</lst>
		<lst name="defaults">
			<str name="echoParams">all</str>
		</lst>
	</requestHandler>

  <!-- Echo the request contents back to the client -->
	<requestHandler name="/debug/dump" class="solr.DumpRequestHandler">
		<lst name="defaults">
			<str name="echoParams">explicit</str>
			<str name="echoHandler">true</str>
		</lst>
	</requestHandler>
	
	  <searchComponent name="classification" class="it.csi.solr.handler.component.SpringAwareSearchComponent">
		<str name="__beanname__">classificationComponent</str>
		<str name="classificationFileName">queryClass.json</str>
	</searchComponent>
	
	<searchComponent name="wonderwheel" class="it.csi.solr.handler.component.SpringAwareSearchComponent">
		<str name="__beanname__">wonderWheelComponent</str>
		<str name="relationField">topic</str>
	</searchComponent> 

	<searchComponent name="spellcheck" class="solr.SpellCheckComponent">

		<str name="queryAnalyzerFieldType">textSpell</str>

    <!-- Multiple "Spell Checkers" can be declared and used by this
         component
      -->

    <!-- a spellchecker built from a field of the main index, and
         written to disk
      -->
		<lst name="spellchecker">
			<str name="name">default</str>
			<str name="field">name</str>
			<str name="spellcheckIndexDir">spellchecker</str>
      <!-- uncomment this to require terms to occur in 1% of the documents 
           in order to be included in the dictionary
        -->
      <!--
      	<float name="thresholdTokenFrequency">.01</float>
      -->
		</lst>


	</searchComponent>

  <!-- A request handler for demonstrating the spellcheck component.  

       NOTE: This is purely as an example.  The whole purpose of the
       SpellCheckComponent is to hook it into the request handler that
       handles your normal user queries so that a separate request is
       not needed to get suggestions.

       IN OTHER WORDS, THERE IS REALLY GOOD CHANCE THE SETUP BELOW IS
       NOT WHAT YOU WANT FOR YOUR PRODUCTION SYSTEM!
       
       See http://wiki.apache.org/solr/SpellCheckComponent for details
       on the request parameters.
    -->
	<requestHandler name="/spell" class="solr.SearchHandler" startup="lazy">
		<lst name="defaults">
			<str name="df">text</str>
			<str name="spellcheck.onlyMorePopular">false</str>
			<str name="spellcheck.extendedResults">false</str>
			<str name="spellcheck.count">1</str>
		</lst>
		<arr name="last-components">
			<str>spellcheck</str>
		</arr>
	</requestHandler>

  <!-- Term Vector Component

       http://wiki.apache.org/solr/TermVectorComponent
    -->
	<searchComponent name="tvComponent" class="solr.TermVectorComponent" />

  <!-- A request handler for demonstrating the term vector component

       This is purely as an example.

       In reality you will likely want to add the component to your 
       already specified request handlers. 
    -->
	<requestHandler name="/tvrh" class="solr.SearchHandler" startup="lazy">
		<lst name="defaults">
			<str name="df">text</str>
			<bool name="tv">true</bool>
		</lst>
		<arr name="last-components">
			<str>tvComponent</str>
		</arr>
	</requestHandler>

  <!-- Clustering Component

       http://wiki.apache.org/solr/ClusteringComponent

       This relies on third party jars which are notincluded in the
       release.  To use this component (and the "/clustering" handler)
       Those jars will need to be downloaded, and you'll need to set
       the solr.cluster.enabled system property when running solr...

          java -Dsolr.clustering.enabled=true -jar start.jar
    -->
	<searchComponent name="clustering" enable="${solr.clustering.enabled:false}" class="solr.clustering.ClusteringComponent">
    <!-- Declare an engine -->
		<lst name="engine">
      <!-- The name, only one can be named "default" -->
			<str name="name">default</str>

      <!-- Class name of Carrot2 clustering algorithm. 
           
           Currently available algorithms are:
           
           * org.carrot2.clustering.lingo.LingoClusteringAlgorithm
           * org.carrot2.clustering.stc.STCClusteringAlgorithm
           * org.carrot2.clustering.kmeans.BisectingKMeansClusteringAlgorithm
           
           See http://project.carrot2.org/algorithms.html for the
           algorithm's characteristics.
        -->
			<str name="carrot.algorithm">org.carrot2.clustering.lingo.LingoClusteringAlgorithm</str>

      <!-- Overriding values for Carrot2 default algorithm attributes.

           For a description of all available attributes, see:
           http://download.carrot2.org/stable/manual/#chapter.components.
           Use attribute key as name attribute of str elements
           below. These can be further overridden for individual
           requests by specifying attribute key as request parameter
           name and attribute value as parameter value.
        -->
			<str name="LingoClusteringAlgorithm.desiredClusterCountBase">20</str>
      
      <!-- Location of Carrot2 lexical resources.

           A directory from which to load Carrot2-specific stop words
           and stop labels. Absolute or relative to Solr config directory.
           If a specific resource (e.g. stopwords.en) is present in the
           specified dir, it will completely override the corresponding
           default one that ships with Carrot2.

           For an overview of Carrot2 lexical resources, see:
           http://download.carrot2.org/head/manual/#chapter.lexical-resources
        -->
			<str name="carrot.lexicalResourcesDir">clustering/carrot2</str>

      <!-- The language to assume for the documents.
           
           For a list of allowed values, see:
           http://download.carrot2.org/stable/manual/#section.attribute.lingo.MultilingualClustering.defaultLanguage
       -->
			<str name="MultilingualClustering.defaultLanguage">ENGLISH</str>
		</lst>
		<lst name="engine">
			<str name="name">stc</str>
			<str name="carrot.algorithm">org.carrot2.clustering.stc.STCClusteringAlgorithm</str>
		</lst>
	</searchComponent>

  <!-- A request handler for demonstrating the clustering component

       This is purely as an example.

       In reality you will likely want to add the component to your 
       already specified request handlers. 
    -->
	<requestHandler name="/clustering" startup="lazy" enable="${solr.clustering.enabled:false}" class="solr.SearchHandler">
		<lst name="defaults">
			<bool name="clustering">true</bool>
			<str name="clustering.engine">default</str>
			<bool name="clustering.results">true</bool>
      <!-- The title field -->
			<str name="carrot.title">name</str>
			<str name="carrot.url">id</str>
      <!-- The field to cluster on -->
			<str name="carrot.snippet">features</str>
       <!-- produce summaries -->
			<bool name="carrot.produceSummary">true</bool>
       <!-- the maximum number of labels per cluster -->
       <!--<int name="carrot.numDescriptions">5</int>-->
       <!-- produce sub clusters -->
			<bool name="carrot.outputSubClusters">false</bool>

			<str name="df">text</str>
			<str name="defType">edismax</str>
			<str name="qf">
				text^0.5 features^1.0 name^1.2 sku^1.5 id^10.0 manu^1.1 cat^1.4
			</str>
			<str name="q.alt">*:*</str>
			<str name="rows">10</str>
			<str name="fl">*,score</str>
		</lst>
		<arr name="last-components">
			<str>clustering</str>
		</arr>
	</requestHandler>
  
  <!-- Terms Component

       http://wiki.apache.org/solr/TermsComponent

       A component to return terms and document frequency of those
       terms
    -->
	<searchComponent name="terms" class="solr.TermsComponent" />

  <!-- A request handler for demonstrating the terms component -->
	<requestHandler name="/terms" class="solr.SearchHandler" startup="lazy">
		<lst name="defaults">
			<bool name="terms">true</bool>
		</lst>
		<arr name="components">
			<str>terms</str>
		</arr>
	</requestHandler>


  <!-- Query Elevation Component

       http://wiki.apache.org/solr/QueryElevationComponent

       a search component that enables you to configure the top
       results for a given query regardless of the normal lucene
       scoring.
    -->
	<searchComponent name="elevator" class="solr.QueryElevationComponent">
    <!-- pick a fieldType to analyze queries -->
		<str name="queryFieldType">string</str>
		<str name="config-file">elevate.xml</str>
	</searchComponent>

  <!-- A request handler for demonstrating the elevator component -->
	<requestHandler name="/elevate" class="solr.SearchHandler" startup="lazy">
		<lst name="defaults">
			<str name="echoParams">explicit</str>
			<str name="df">text</str>
		</lst>
		<arr name="last-components">
			<str>elevator</str>
		</arr>
	</requestHandler>

  <!-- Highlighting Component

       http://wiki.apache.org/solr/HighlightingParameters
    -->
	<searchComponent class="solr.HighlightComponent" name="highlight">
		<highlighting>
      <!-- Configure the standard fragmenter -->
      <!-- This could most likely be commented out in the "default" case -->
			<fragmenter name="gap" default="true" class="solr.highlight.GapFragmenter">
				<lst name="defaults">
					<int name="hl.fragsize">100</int>
				</lst>
			</fragmenter>

      <!-- A regular-expression-based fragmenter 
           (for sentence extraction) 
        -->
			<fragmenter name="regex" class="solr.highlight.RegexFragmenter">
				<lst name="defaults">
          <!-- slightly smaller fragsizes work better because of slop -->
					<int name="hl.fragsize">70</int>
          <!-- allow 50% slop on fragment sizes -->
					<float name="hl.regex.slop">0.5</float>
          <!-- a basic sentence pattern -->
					<str name="hl.regex.pattern">[-\w ,/\n\&quot;&apos;]{20,200}</str>
				</lst>
			</fragmenter>

      <!-- Configure the standard formatter -->
			<formatter name="html" default="true" class="solr.highlight.HtmlFormatter">
				<lst name="defaults">
					<str name="hl.simple.pre"><![CDATA[<em>]]></str>
					<str name="hl.simple.post"><![CDATA[</em>]]></str>
				</lst>
			</formatter>

      <!-- Configure the standard encoder -->
			<encoder name="html" class="solr.highlight.HtmlEncoder" />

      <!-- Configure the standard fragListBuilder -->
			<fragListBuilder name="simple" default="true" class="solr.highlight.SimpleFragListBuilder" />

      <!-- Configure the single fragListBuilder -->
			<fragListBuilder name="single" class="solr.highlight.SingleFragListBuilder" />

      <!-- default tag FragmentsBuilder -->
			<fragmentsBuilder name="default" default="true" class="solr.highlight.ScoreOrderFragmentsBuilder">
        <!-- 
        <lst name="defaults">
          <str name="hl.multiValuedSeparatorChar">/</str>
        </lst>
        -->
			</fragmentsBuilder>

      <!-- multi-colored tag FragmentsBuilder -->
			<fragmentsBuilder name="colored" class="solr.highlight.ScoreOrderFragmentsBuilder">
				<lst name="defaults">
					<str name="hl.tag.pre"><![CDATA[
               <b style="background:yellow">,<b style="background:lawgreen">,
               <b style="background:aquamarine">,<b style="background:magenta">,
               <b style="background:palegreen">,<b style="background:coral">,
               <b style="background:wheat">,<b style="background:khaki">,
               <b style="background:lime">,<b style="background:deepskyblue">]]></str>
					<str name="hl.tag.post"><![CDATA[</b>]]></str>
				</lst>
			</fragmentsBuilder>

			<boundaryScanner name="default" default="true" class="solr.highlight.SimpleBoundaryScanner">
				<lst name="defaults">
					<str name="hl.bs.maxScan">10</str>
					<str name="hl.bs.chars">.,!? &#9;&#10;&#13;</str>
				</lst>
			</boundaryScanner>

			<boundaryScanner name="breakIterator" class="solr.highlight.BreakIteratorBoundaryScanner">
				<lst name="defaults">
          <!-- type should be one of:
               * CHARACTER 
               * WORD (default)
               * LINE
               * SENTENCE 
            -->
					<str name="hl.bs.type">WORD</str>
          <!-- language and country are used when constructing Locale 
               object which will be used when getting instance of 
               BreakIterator 
            -->
					<str name="hl.bs.language">en</str>
					<str name="hl.bs.country">US</str>
				</lst>
			</boundaryScanner>
		</highlighting>
	</searchComponent>



	<queryResponseWriter name="json" class="solr.JSONResponseWriter">
     <!-- For the purposes of the tutorial, JSON responses are written as
      plain text so that they are easy to read in *any* browser.
      If you expect a MIME type of "application/json" just remove this override.
     -->
		<str name="content-type">text/plain; charset=UTF-8</str>
	</queryResponseWriter>
  
  <!--
     Custom response writers can be declared as needed...
    -->
	<queryResponseWriter name="velocity" class="solr.VelocityResponseWriter" startup="lazy" />
  

  <!-- XSLT response writer transforms the XML output by any xslt file found
       in Solr's conf/xslt directory.  Changes to xslt files are checked for
       every xsltCacheLifetimeSeconds.  
    -->
	<queryResponseWriter name="xslt" class="solr.XSLTResponseWriter">
		<int name="xsltCacheLifetimeSeconds">5</int>
	</queryResponseWriter>

  <!-- Query Parsers

       http://wiki.apache.org/solr/SolrQuerySyntax

       Multiple QParserPlugins can be registered by name, and then
       used in either the "defType" param for the QueryComponent (used
       by SearchHandler) or in LocalParams
    -->
  <!-- example of registering a query parser -->
  <!--
     <queryParser name="myparser" class="com.mycompany.MyQParserPlugin"/>
    -->


  <!-- Legacy config for the admin interface -->
	<admin>
		<defaultQuery>*:*</defaultQuery>
	</admin>

</config>
