Portal,Source_ID,Federation_Type,Base_Url,Single_Item_Url,Sorl_Server_Url,Clean_Query,Package_Prefix,Default_LANG
#
# PIEMONTE
#
#DatiPiemonte,dati.piemonte.it,CKAN,http://www.dati.piemonte.it/rpapisrv/api/rest/package,http://coll-psi.csi.it:8080/fed-homer,sourceId:dati.piemonte.it,dati-piemonte-it-,it,
www.open-data.me,www.open-data.me,CKAN,http://www.open-data.me/api/rest/package,http://coll-psi.csi.it:8080/fed-homer,*:*,www.open-data.me,en,
www.sbla-opendata.com.cy,www.sbla-opendata.com.cy,CKAN,http://opendata-cy.datacenter.uoc.gr/api/rest/package,http://coll-psi.csi.it:8080/fed-homer,sourceId:www.sbla-opendata.com.cy,www.sbla-opendata.com.cy-,el,
www.dati.emilia-romagna.it,www.dati.emilia-romagna.it,ADAPTER,http%3A%2F%2Fwww.dati.emilia-romagna.it%2Findex.php%3Foption%3Dcom_rd%26view%3Dpceli_list%26format%3Dxml%26layout%3Dxml,http://coll-psi.csi.it:8080/fed-homer,sourceId:www.dati.emilia-romagna.it,www.dati.emilia-romagna.it-,it,http://www.dati.emilia-romagna.it/dato/item/
www.open-homer.si,www.open-homer.si,DATI,http://www.open-homer.si/data/package_list.xml,http://coll-psi.csi.it:8080/fed-homer,sourceId:www.open-homer.si,www.open-homer.si-,sl,
www.apdkritis.gov.gr,www.apdkritis.gov.gr,CKAN,http://84.205.229.31/api/2/rest/package,http://coll-psi.csi.it:8080/fed-homer,sourceId:www.apdkritis.gov.gr,www.apdkritis.gov.gr-,el,
www.dati.piemonte.it,www.dati.piemonte.it,CKAN,http://www.dati.piemonte.it/rpapisrv/api/rest/package/,http://coll-psi.csi.it:8080/fed-homer,sourceId:www.dati.piemonte.it,www.dati.piemonte.it-,it,
opendata.regione.veneto.it,opendata.regione.veneto.it,CKAN,http://opendata.collaudo.regione.veneto.it/api/2/rest/package,http://coll-psi.csi.it:8080/fed-homer,sourceId:opendata.regione.veneto.it,opendata.regione.veneto.it-,it,
data.corse.fr,data.corse.fr,DATI,http://data.corse.fr/api/homer/list_packages/,http://coll-psi.csi.it:8080/fed-homer,sourceId:data.corse.fr,data.corse.fr-,fr,
www.juntadeandalucia.es,www.juntadeandalucia.es,DATI,http%3A%2F%2Fwww.dati.piemonte.it%2Findex.php%3Foption%3Dcom_rd%26view%3Dpceli_listAndalucia%26format%3Dxml%26layout%3Dxml,http://coll-psi.csi.it:8080/fed-homer,sourceId:www.juntadeandalucia.es,www.juntadeandalucia.es-,es,
