<?xml version="1.0" encoding="UTF-8"?>
<beans xmlns="http://www.springframework.org/schema/beans" xmlns:xsi="http://www.w3.org/2001/XMLSchema-instance" xsi:schemaLocation="
http://www.springframework.org/schema/beans http://www.springframework.org/schema/beans/spring-beans-3.0.xsd"
	default-lazy-init="false">

	<bean class="org.springframework.beans.factory.config.PropertyPlaceholderConfigurer">
		<property name="ignoreResourceNotFound" value="true" />
		<property name="ignoreUnresolvablePlaceholders" value="true" />
		<property name="systemPropertiesModeName" value="SYSTEM_PROPERTIES_MODE_OVERRIDE" />
		<property name="properties">
			<props merge="true">
				<prop key="solr.server.url">@properties-config.xml-solr.server.url@</prop>
				<prop key="baseUrl">http://localhost:8888/index.php</prop>
				<prop key="encoding">UTF-8</prop>
				<prop key="deleteIndex">false</prop>
				<prop key="cleanQuery">*:*</prop>
			</props>
		</property>
	</bean>

</beans>